,season,week,week_type,game_id,game_details_id,game_time,game_date,home_team,away_team,home_team_score,away_team_score,home_points_overtime_total,visitor_points_overtime_total,home_points_q1,home_points_q2,home_points_q3,home_points_q4,home_passing_yards,home_passing_touchdowns,home_rushing_yards,home_rushing_touchdowns,visitor_points_q1,visitor_points_q2,visitor_points_q3,visitor_points_q4,visitor_passing_yards,visitor_passing_touchdowns,visitor_rushing_yards,visitor_rushing_touchdowns,phase
0,2021,1,REG,c5722300-b37c-11eb-9617-afa9727fab42,10160000-0585-0395-7f87-0c3334b38e2e,2021-09-10 00:20:00+00:00,2021-09-10,Tampa Bay Buccaneers,Dallas Cowboys,31,29,0,0,7,14,7,3,379,4,52,0,7,9,10,3,391,3,60,0,FINAL
1,2021,1,REG,c59f20b4-b37c-11eb-b268-91616e0aa8ce,10160000-0585-0955-6419-0435c7f11d5d,2021-09-12 17:00:00+00:00,2021-09-12,Houston Texans,Jacksonville Jaguars,37,21,0,0,14,13,7,3,289,2,160,2,0,7,7,7,319,3,76,0,FINAL
2,2021,1,REG,c59f3207-b37c-11eb-a168-a6c97a9e291b,10160000-0585-1250-d8b5-dc096164eee6,2021-09-12 17:00:00+00:00,2021-09-12,Washington Commanders,Los Angeles Chargers,16,20,0,0,3,6,7,0,133,1,126,0,7,6,0,7,334,1,90,1,FINAL
3,2021,1,REG,c59f380a-b37c-11eb-a4b9-33ea453005d5,10160000-0585-10d0-bbae-7ced514d73f5,2021-09-12 17:00:00+00:00,2021-09-12,Indianapolis Colts,Seattle Seahawks,16,28,0,0,3,7,0,6,223,2,113,0,7,14,0,7,241,4,140,0,FINAL
4,2021,1,REG,c59f39c2-b37c-11eb-9064-a3b8d28903d4,10160000-0585-06c9-4855-c84e9f187c74,2021-09-12 17:00:00+00:00,2021-09-12,Carolina Panthers,New York Jets,19,14,0,0,0,16,0,3,270,1,111,1,0,0,8,6,207,2,45,0,FINAL
5,2021,1,REG,c59f3b56-b37c-11eb-acef-004a6dd04236,10160000-0585-078e-e7ac-a2f205f45b71,2021-09-12 17:00:00+00:00,2021-09-12,Cincinnati Bengals,Minnesota Vikings,27,24,3,0,0,14,7,3,217,2,149,1,0,7,7,10,336,2,67,1,FINAL_OVERTIME
6,2021,1,REG,c59f3fe3-b37c-11eb-a824-966776c37c34,10160000-0585-1194-5bd6-3e939eca6530,2021-09-12 17:00:00+00:00,2021-09-12,Tennessee Titans,Arizona Cardinals,13,38,0,0,0,6,7,0,162,1,86,1,10,14,14,0,280,4,136,1,FINAL
7,2021,1,REG,c59f6e42-b37c-11eb-901f-b386dd79c602,10160000-0585-08b2-196f-5fa85a77a226,2021-09-12 17:00:00+00:00,2021-09-12,Detroit Lions,San Francisco 49ers,33,41,0,0,0,10,7,16,314,3,116,1,7,24,7,3,311,2,131,2,FINAL
8,2021,1,REG,c59f78bb-b37c-11eb-a318-b1d0e7e8792e,10160000-0585-05c2-6453-a2e392056a4d,2021-09-12 17:00:00+00:00,2021-09-12,Buffalo Bills,Pittsburgh Steelers,16,23,0,0,3,7,0,6,254,1,117,0,0,0,6,17,177,1,75,0,FINAL
9,2021,1,REG,c59f84e7-b37c-11eb-a78a-30c5c677cad5,10160000-0585-0480-6b01-c3eef69858d5,2021-09-12 17:00:00+00:00,2021-09-12,Atlanta Falcons,Philadelphia Eagles,6,32,0,0,3,3,0,0,136,0,124,0,7,8,7,10,261,3,173,1,FINAL
10,2021,1,REG,c59f2990-b37c-11eb-a2e3-1893925df770,10160000-0585-1318-4157-165c704d4398,2021-09-12 20:25:00+00:00,2021-09-12,Kansas City Chiefs,Cleveland Browns,33,29,0,0,3,7,10,13,324,3,73,1,8,14,0,7,304,0,153,4,FINAL
11,2021,1,REG,c59f34e4-b37c-11eb-a3ba-55ec1a6e189e,10160000-0585-154d-0841-cf028d1e5dd3,2021-09-12 20:25:00+00:00,2021-09-12,New Orleans Saints,Green Bay Packers,38,3,0,0,3,14,7,14,151,5,171,0,0,3,0,0,186,0,43,0,FINAL
12,2021,1,REG,c59f41e0-b37c-11eb-acb9-bc5b029089d3,10160000-0585-1662-65a6-12501755475c,2021-09-12 20:25:00+00:00,2021-09-12,New York Giants,Denver Broncos,13,27,0,0,0,7,0,6,254,1,60,1,0,10,7,10,255,2,165,1,FINAL
13,2021,1,REG,c59f4a98-b37c-11eb-a4de-4a9ece5dcb0d,10160000-0585-1494-7dca-af897fca66c1,2021-09-12 20:25:00+00:00,2021-09-12,New England Patriots,Miami Dolphins,16,17,0,0,0,10,3,3,268,1,125,0,7,3,7,0,185,1,74,1,FINAL
14,2021,1,REG,c59f1195-b37c-11eb-a238-2558151bb271,10160000-0585-1779-4777-2d8cec046faf,2021-09-13 00:20:00+00:00,2021-09-13,Los Angeles Rams,Chicago Bears,34,14,0,0,10,3,14,7,312,3,74,1,0,7,7,0,188,0,134,2,FINAL
15,2021,1,REG,c59f4ba9-b37c-11eb-9f27-33818e4d796d,10160000-0585-18b6-9d6b-628c89149281,2021-09-14 00:15:00+00:00,2021-09-14,Las Vegas Raiders,Baltimore Ravens,33,27,6,0,0,10,0,17,409,2,82,2,7,7,3,10,217,1,189,2,FINAL_OVERTIME
16,2021,2,REG,c59f59d7-b37c-11eb-9617-afa9727fab42,10160000-0585-1993-5de7-06d7b1e9824d,2021-09-17 00:20:00+00:00,2021-09-17,Washington Commanders,New York Giants,30,29,0,0,0,14,3,13,320,2,87,1,7,3,10,9,228,1,163,1,FINAL
17,2021,2,REG,c59efc6f-b37c-11eb-a97a-3d335630dde6,10160000-0585-2623-ccb6-fe5554b9f99b,2021-09-19 17:00:00+00:00,2021-09-19,New York Jets,New England Patriots,6,25,0,0,0,3,0,3,184,0,152,0,10,3,9,3,159,0,101,2,FINAL
18,2021,2,REG,c59f0e31-b37c-11eb-a9cd-31082c458582,10160000-0585-246e-d1e6-d8966548ba45,2021-09-19 17:00:00+00:00,2021-09-19,Jacksonville Jaguars,Denver Broncos,13,23,0,0,7,0,0,6,114,1,75,0,3,7,10,3,302,2,96,0,FINAL
19,2021,2,REG,c59f0ea3-b37c-11eb-bef2-5db09239a0ac,10160000-0585-25b8-1e45-8d1ab983c452,2021-09-19 17:00:00+00:00,2021-09-19,Miami Dolphins,Buffalo Bills,0,35,0,0,0,0,0,0,145,0,71,0,14,0,7,14,171,2,143,3,FINAL
20,2021,2,REG,c59f0fdb-b37c-11eb-bcee-fa4faa7ecb35,10160000-0585-2755-bf00-5e03f6c3e401,2021-09-19 17:00:00+00:00,2021-09-19,Philadelphia Eagles,San Francisco 49ers,11,17,0,0,3,0,0,8,177,0,151,1,0,7,0,10,189,1,117,1,FINAL
21,2021,2,REG,c59f1258-b37c-11eb-b8df-213c1efefc3f,10160000-0585-23dd-9681-98e9fe181632,2021-09-19 17:00:00+00:00,2021-09-19,Indianapolis Colts,Los Angeles Rams,24,27,0,0,0,6,8,10,245,1,109,0,7,3,7,10,270,2,101,1,FINAL
22,2021,2,REG,c59f1600-b37c-11eb-abac-4f5c371de22e,10160000-0585-2829-66f7-94eda861d4e2,2021-09-19 17:00:00+00:00,2021-09-19,Pittsburgh Steelers,Las Vegas Raiders,17,26,0,0,0,7,0,10,292,1,39,1,3,6,7,10,373,2,52,0,FINAL
23,2021,2,REG,c59f213e-b37c-11eb-a470-77d96e8dad84,10160000-0585-2136-215a-ce64084ab606,2021-09-19 17:00:00+00:00,2021-09-19,Chicago Bears,Cincinnati Bengals,20,17,0,0,7,0,0,13,83,1,123,0,0,0,3,14,179,2,69,0,FINAL
24,2021,2,REG,c59f2696-b37c-11eb-9ed8-304777eba43c,10160000-0585-2291-e1e4-75f0523c1b19,2021-09-19 17:00:00+00:00,2021-09-19,Cleveland Browns,Houston Texans,31,21,0,0,7,7,10,7,199,1,156,3,7,7,0,7,220,2,82,1,FINAL
25,2021,2,REG,c59f2d31-b37c-11eb-ac10-97a1ea06b5e2,10160000-0585-2045-b685-8578eabec6d0,2021-09-19 17:00:00+00:00,2021-09-19,Carolina Panthers,New Orleans Saints,26,7,0,0,7,10,0,9,294,2,89,1,0,0,0,7,80,0,48,1,FINAL
26,2021,2,REG,c59efa49-b37c-11eb-8fa9-4082cc76fbb5,10160000-0585-29ea-796d-6cf239561509,2021-09-19 20:05:00+00:00,2021-09-19,Arizona Cardinals,Minnesota Vikings,34,33,0,0,7,17,7,3,371,3,103,1,14,9,7,3,242,3,177,0,FINAL
27,2021,2,REG,c59f10de-b37c-11eb-aba9-a0ee1ea0d04b,10160000-0585-30bd-05c9-75bc16e1a032,2021-09-19 20:05:00+00:00,2021-09-19,Tampa Bay Buccaneers,Atlanta Falcons,48,25,0,0,7,14,7,20,259,5,82,0,0,10,15,0,293,2,55,1,FINAL
28,2021,2,REG,c59edb90-b37c-11eb-88c0-51a557ae873f,10160000-0585-3276-88c7-cc4ad323640e,2021-09-19 20:25:00+00:00,2021-09-19,Seattle Seahawks,Tennessee Titans,30,33,0,3,3,21,0,6,320,2,77,2,3,6,7,14,320,0,212,3,FINAL_OVERTIME
29,2021,2,REG,c59efb1d-b37c-11eb-ac67-82694b975169,10160000-0585-31c3-69ac-e731cfae25be,2021-09-19 20:25:00+00:00,2021-09-19,Los Angeles Chargers,Dallas Cowboys,17,20,0,0,3,8,3,3,313,1,95,0,14,0,0,6,221,0,198,2,FINAL
30,2021,2,REG,c59ecfe2-b37c-11eb-b462-92ca5e22ea78,10160000-0585-33fe-aa00-203001f83c1d,2021-09-20 00:20:00+00:00,2021-09-20,Baltimore Ravens,Kansas City Chiefs,36,35,0,0,7,10,7,12,230,1,251,3,14,7,14,0,343,3,62,1,FINAL
31,2021,2,REG,c59f082e-b37c-11eb-9f7c-7c9249e10b74,10160000-0585-34b5-093d-5f75273b3261,2021-09-21 00:15:00+00:00,2021-09-21,Green Bay Packers,Detroit Lions,35,17,0,0,7,7,14,7,227,4,96,1,7,10,0,0,236,2,108,0,FINAL
32,2021,3,REG,c59edb6d-b37c-11eb-b344-9f8315daa578,10160000-0585-35a1-77ae-878310617a5d,2021-09-24 00:20:00+00:00,2021-09-24,Houston Texans,Carolina Panthers,9,24,0,0,0,6,0,3,151,1,42,0,7,0,7,10,290,0,117,3,FINAL
33,2021,3,REG,c59ea25f-b37c-11eb-9ea7-1ad03543e49a,10160000-0585-4441-26ae-1a1f5f8a7f37,2021-09-26 17:00:00+00:00,2021-09-26,Tennessee Titans,Indianapolis Colts,25,16,0,0,7,7,0,11,188,3,180,0,0,10,3,3,178,0,87,1,FINAL
34,2021,3,REG,c59ea7f8-b37c-11eb-8f41-f45bb96e097e,10160000-0585-42f8-a139-c5c7f3ad05a5,2021-09-26 17:00:00+00:00,2021-09-26,New York Giants,Atlanta Falcons,14,17,0,0,3,3,0,8,246,0,100,1,0,7,0,10,227,2,69,0,FINAL
35,2021,3,REG,c59eb8ab-b37c-11eb-ba13-aa7df81873db,10160000-0585-40f6-807e-5528340ffb4e,2021-09-26 17:00:00+00:00,2021-09-26,Kansas City Chiefs,Los Angeles Chargers,24,30,0,0,0,3,14,7,251,3,186,0,0,14,0,16,275,4,77,0,FINAL
36,2021,3,REG,c59ebcd4-b37c-11eb-9bf6-8266221c6f86,10160000-0585-43f9-b02b-b42277d58000,2021-09-26 17:00:00+00:00,2021-09-26,Pittsburgh Steelers,Cincinnati Bengals,10,24,0,0,0,7,0,3,297,1,45,0,7,7,10,0,172,3,96,0,FINAL
37,2021,3,REG,c59ec571-b37c-11eb-b0d5-c75633bde823,10160000-0585-372e-eef2-38859f6cab57,2021-09-26 17:00:00+00:00,2021-09-26,Cleveland Browns,Chicago Bears,26,6,0,0,0,10,3,13,203,1,215,1,3,0,3,0,1,0,46,0,FINAL
38,2021,3,REG,c59ecb83-b37c-11eb-90d7-8b1d3d0789e6,10160000-0585-388c-6609-51e4cbf35097,2021-09-26 17:00:00+00:00,2021-09-26,Detroit Lions,Baltimore Ravens,17,19,0,0,0,0,7,10,192,0,93,2,0,10,6,3,271,1,116,0,FINAL
39,2021,3,REG,c59ed0e7-b37c-11eb-b396-d1345dd16473,10160000-0585-4186-1c4b-ffd17eb79c79,2021-09-26 17:00:00+00:00,2021-09-26,New England Patriots,New Orleans Saints,13,28,0,0,0,3,3,7,251,1,49,0,7,7,7,7,110,2,142,1,FINAL
40,2021,3,REG,c59ed49c-b37c-11eb-89a6-58df96732a88,10160000-0585-3990-6603-b4c540dfc9c1,2021-09-26 17:00:00+00:00,2021-09-26,Jacksonville Jaguars,Arizona Cardinals,19,31,0,0,0,13,6,0,202,1,159,1,7,0,17,7,316,0,91,3,FINAL
41,2021,3,REG,c59edba1-b37c-11eb-9029-5814fad5708e,10160000-0585-362f-b5b3-85d152061809,2021-09-26 17:00:00+00:00,2021-09-26,Buffalo Bills,Washington Commanders,43,21,0,0,7,20,9,7,359,4,122,1,0,14,0,7,212,2,78,1,FINAL
42,2021,3,REG,c59e92ff-b37c-11eb-8f25-c6a3e3dad04c,10160000-0585-4520-9695-534185299b8c,2021-09-26 20:05:00+00:00,2021-09-26,Denver Broncos,New York Jets,26,0,0,0,7,10,3,6,223,0,120,2,0,0,0,0,119,0,43,0,FINAL
43,2021,3,REG,c59eb239-b37c-11eb-a7ee-a216e0da7aac,10160000-0585-46fd-de81-325d1c4a7a64,2021-09-26 20:05:00+00:00,2021-09-26,Las Vegas Raiders,Miami Dolphins,31,28,6,3,2,10,7,6,357,2,140,1,14,0,0,11,197,0,133,2,FINAL_OVERTIME
44,2021,3,REG,c59e8a08-b37c-11eb-ad13-0afbcf7ddfa9,10160000-0585-486a-f804-7367540c9b94,2021-09-26 20:25:00+00:00,2021-09-26,Minnesota Vikings,Seattle Seahawks,30,17,0,0,7,14,3,6,313,3,140,0,10,7,0,0,283,1,106,1,FINAL
45,2021,3,REG,c59eac1c-b37c-11eb-b54c-adfe23a3e086,10160000-0585-4742-49b7-1fdf9e3d3c62,2021-09-26 20:25:00+00:00,2021-09-26,Los Angeles Rams,Tampa Bay Buccaneers,34,24,0,0,0,14,17,3,331,4,76,0,0,7,10,7,411,1,35,2,FINAL
46,2021,3,REG,c59e9330-b37c-11eb-98fb-8728a42333e4,10160000-0585-49b2-72a4-c8f22da773d9,2021-09-27 00:20:00+00:00,2021-09-27,San Francisco 49ers,Green Bay Packers,28,30,0,0,0,7,7,14,231,2,67,2,10,7,0,13,253,2,100,1,FINAL
47,2021,3,REG,c59e9ea2-b37c-11eb-8116-e420dc2f1097,10160000-0585-50bd-5f3e-7e78e013c657,2021-09-28 00:15:00+00:00,2021-09-28,Dallas Cowboys,Philadelphia Eagles,41,21,0,0,14,6,7,14,220,3,160,2,7,0,7,7,303,2,64,0,FINAL
48,2021,4,REG,c59e7931-b37c-11eb-bdcd-878b71a272b3,10160000-0585-5130-3a67-8badf04019ca,2021-10-01 00:20:00+00:00,2021-10-01,Cincinnati Bengals,Jacksonville Jaguars,24,21,0,0,0,0,14,10,342,2,78,1,7,7,0,7,202,0,139,3,FINAL
49,2021,4,REG,c59e2514-b37c-11eb-837c-ddf732b06303,10160000-0585-59d4-a2d1-116bce33f57f,2021-10-03 17:00:00+00:00,2021-10-03,New York Jets,Tennessee Titans,27,24,3,0,0,7,3,14,289,2,66,1,3,6,0,15,253,1,177,1,FINAL_OVERTIME
50,2021,4,REG,c59e2c22-b37c-11eb-ba8a-ecb6fe06b3b0,10160000-0585-6048-828c-1c7bc8282794,2021-10-03 17:00:00+00:00,2021-10-03,Philadelphia Eagles,Kansas City Chiefs,30,42,0,0,10,3,3,14,358,2,103,1,7,14,7,14,271,5,200,1,FINAL
51,2021,4,REG,c59e3f5b-b37c-11eb-b605-7aabb5db6277,10160000-0585-5546-695e-09048d1a9112,2021-10-03 17:00:00+00:00,2021-10-03,Dallas Cowboys,Carolina Panthers,36,28,0,0,7,6,20,3,188,4,245,1,7,7,0,14,266,2,113,2,FINAL
52,2021,4,REG,c59e42b7-b37c-11eb-9fdd-edea6533b161,10160000-0585-58d3-51ef-046ce0865fcc,2021-10-03 17:00:00+00:00,2021-10-03,New Orleans Saints,New York Giants,21,27,0,6,0,7,7,7,235,1,170,2,0,7,3,11,402,2,83,1,FINAL_OVERTIME
53,2021,4,REG,c59e437e-b37c-11eb-b6c4-9047f43b506b,10160000-0585-5757-fd2f-3dac75e20eff,2021-10-03 17:00:00+00:00,2021-10-03,Minnesota Vikings,Cleveland Browns,7,14,0,0,7,0,0,0,190,1,65,0,0,11,0,3,143,0,184,1,FINAL
54,2021,4,REG,c59e4e49-b37c-11eb-8717-b15655d15a43,10160000-0585-5441-b92e-8090a507aee1,2021-10-03 17:00:00+00:00,2021-10-03,Chicago Bears,Detroit Lions,24,14,0,0,7,7,10,0,185,0,188,3,0,0,7,7,261,2,90,0,FINAL
55,2021,4,REG,c59e586d-b37c-11eb-9545-5d927aa1f09a,10160000-0585-53a1-9f60-d74c0ea5aba5,2021-10-03 17:00:00+00:00,2021-10-03,Buffalo Bills,Houston Texans,40,0,0,0,7,9,3,21,251,2,199,2,0,0,0,0,61,0,48,0,FINAL
56,2021,4,REG,c59e5b5f-b37c-11eb-87e7-c86a9c00d82a,10160000-0585-5696-a397-e25b0d34aa43,2021-10-03 17:00:00+00:00,2021-10-03,Miami Dolphins,Indianapolis Colts,17,27,0,0,3,0,0,14,168,2,35,0,0,7,10,10,210,2,139,1,FINAL
57,2021,4,REG,c59e6e09-b37c-11eb-aaa9-9d79bbf40974,10160000-0585-5257-aab2-51126edaa21f,2021-10-03 17:00:00+00:00,2021-10-03,Atlanta Falcons,Washington Commanders,30,34,0,0,3,14,6,7,275,4,99,0,0,13,9,12,290,3,122,1,FINAL
58,2021,4,REG,c59e1186-b37c-11eb-92fc-9ab6b24fbc7e,10160000-0585-6237-81cc-5e69aee46bf0,2021-10-03 20:05:00+00:00,2021-10-03,San Francisco 49ers,Seattle Seahawks,21,28,0,0,7,0,6,8,314,3,143,0,0,7,14,7,129,2,105,2,FINAL
59,2021,4,REG,c59e2303-b37c-11eb-8ac9-773553be5f19,10160000-0585-61ab-ed1b-89f2ff2704a6,2021-10-03 20:05:00+00:00,2021-10-03,Los Angeles Rams,Arizona Cardinals,20,37,0,0,10,3,0,7,280,2,121,0,7,17,10,3,249,2,216,2,FINAL
60,2021,4,REG,c59e29d5-b37c-11eb-bd2e-2fc8670f4c6e,10160000-0585-6478-e383-27af8e700c5d,2021-10-03 20:25:00+00:00,2021-10-03,Green Bay Packers,Pittsburgh Steelers,27,17,0,0,0,17,10,0,236,2,131,1,7,3,0,7,220,1,62,1,FINAL
61,2021,4,REG,c59e2b3c-b37c-11eb-aaaa-3cd93d2e7884,10160000-0585-6395-eef2-39fcb12718d2,2021-10-03 20:25:00+00:00,2021-10-03,Denver Broncos,Baltimore Ravens,7,23,0,0,0,7,0,0,148,1,106,0,0,17,0,6,304,1,102,1,FINAL
62,2021,4,REG,c59e2166-b37c-11eb-88b5-52a417aac100,10160000-0585-658f-cb6d-a0b13013dcc4,2021-10-04 00:20:00+00:00,2021-10-04,New England Patriots,Tampa Bay Buccaneers,17,19,0,0,0,7,0,10,295,2,-1,0,3,3,7,6,261,0,120,1,FINAL
63,2021,4,REG,c59dfb79-b37c-11eb-96b9-62a07f8b20c1,10160000-0585-6627-0f71-169ca8af97ab,2021-10-05 00:15:00+00:00,2021-10-05,Los Angeles Chargers,Las Vegas Raiders,28,14,0,0,7,14,0,7,212,3,168,1,0,0,14,0,165,2,48,0,FINAL
64,2021,5,REG,c59e1367-b37c-11eb-9e19-00bc1829d24f,10160000-0585-67e5-f220-cf35e53ac8d6,2021-10-08 00:20:00+00:00,2021-10-08,Seattle Seahawks,Los Angeles Rams,17,26,0,0,0,7,0,10,262,2,92,0,0,3,13,10,358,1,118,2,FINAL
65,2021,5,REG,c59df610-b37c-11eb-a78a-30c5c677cad5,10160000-0585-68dd-bfda-5da5ee18b8a5,2021-10-10 13:30:00+00:00,2021-10-10,Atlanta Falcons,New York Jets,27,20,0,0,10,10,0,7,342,2,108,1,0,3,6,11,166,0,64,2,FINAL
66,2021,5,REG,c59dafc5-b37c-11eb-b268-91616e0aa8ce,10160000-0585-73e2-70fa-b79fa0fe1599,2021-10-10 17:00:00+00:00,2021-10-10,Minnesota Vikings,Detroit Lions,19,17,0,0,3,10,0,6,264,1,120,0,3,3,0,11,180,0,108,1,FINAL
67,2021,5,REG,c59db5d1-b37c-11eb-a168-a6c97a9e291b,10160000-0585-763b-35e1-2171f1b8c94a,2021-10-10 17:00:00+00:00,2021-10-10,Washington Commanders,New Orleans Saints,22,33,0,0,6,7,3,6,242,0,131,2,7,13,0,13,271,4,98,1,FINAL
68,2021,5,REG,c59dc503-b37c-11eb-acef-004a6dd04236,10160000-0585-71b3-8782-50e20d329c97,2021-10-10 17:00:00+00:00,2021-10-10,Houston Texans,New England Patriots,22,25,0,0,6,9,7,0,293,3,67,0,0,9,6,10,226,1,126,1,FINAL
69,2021,5,REG,c59de01e-b37c-11eb-a824-966776c37c34,10160000-0585-758f-53e6-0cf6efe206ae,2021-10-10 17:00:00+00:00,2021-10-10,Tampa Bay Buccaneers,Miami Dolphins,45,17,0,0,7,17,0,21,437,5,121,1,10,0,7,0,262,2,39,0,FINAL
70,2021,5,REG,c59de6a9-b37c-11eb-9064-a3b8d28903d4,10160000-0585-70bc-0ddb-e88f520f4a07,2021-10-10 17:00:00+00:00,2021-10-10,Cincinnati Bengals,Green Bay Packers,22,25,0,3,7,7,0,8,264,2,103,1,0,16,3,3,333,2,133,0,FINAL_OVERTIME
71,2021,5,REG,c59df889-b37c-11eb-a4b9-33ea453005d5,10160000-0585-7427-0058-016689826f43,2021-10-10 17:00:00+00:00,2021-10-10,Pittsburgh Steelers,Denver Broncos,27,19,0,0,7,10,7,3,244,2,147,1,3,3,0,13,268,2,106,0,FINAL
72,2021,5,REG,c59e0c05-b37c-11eb-a318-b1d0e7e8792e,10160000-0585-69be-713a-a1788abeb872,2021-10-10 17:00:00+00:00,2021-10-10,Carolina Panthers,Philadelphia Eagles,18,21,0,0,10,5,0,3,158,1,109,0,3,3,7,8,182,0,91,2,FINAL
73,2021,5,REG,c59e27ef-b37c-11eb-901f-b386dd79c602,10160000-0585-7279-7377-00016e0ddefd,2021-10-10 17:00:00+00:00,2021-10-10,Jacksonville Jaguars,Tennessee Titans,19,37,0,0,6,7,0,6,256,1,198,2,7,17,7,6,184,1,184,3,FINAL
74,2021,5,REG,c59db55c-b37c-11eb-a2e3-1893925df770,10160000-0585-775f-5f6f-7fbeed25651f,2021-10-10 20:05:00+00:00,2021-10-10,Los Angeles Chargers,Cleveland Browns,47,42,0,0,7,6,8,26,381,4,112,3,3,17,7,15,301,2,230,3,FINAL
75,2021,5,REG,c59db97e-b37c-11eb-a4de-4a9ece5dcb0d,10160000-0585-78c2-9374-793ef81bb302,2021-10-10 20:05:00+00:00,2021-10-10,Las Vegas Raiders,Chicago Bears,9,20,0,0,3,0,0,6,188,0,71,1,0,14,0,6,109,1,143,1,FINAL
76,2021,5,REG,c59d9f5a-b37c-11eb-a3ba-55ec1a6e189e,10160000-0585-79d7-2064-6dc3dc3a807e,2021-10-10 20:25:00+00:00,2021-10-10,Arizona Cardinals,San Francisco 49ers,17,10,0,0,7,3,0,7,210,1,94,1,0,0,7,3,186,0,152,1,FINAL
77,2021,5,REG,c59dcd67-b37c-11eb-acb9-bc5b029089d3,10160000-0585-80f6-9104-ce6400464c38,2021-10-10 20:25:00+00:00,2021-10-10,Dallas Cowboys,New York Giants,44,20,0,0,3,14,10,17,314,3,201,1,0,10,3,7,294,1,73,1,FINAL
78,2021,5,REG,c59d81ad-b37c-11eb-a238-2558151bb271,10160000-0585-81ca-5a0c-dfd5134d9979,2021-10-11 00:20:00+00:00,2021-10-11,Kansas City Chiefs,Buffalo Bills,20,38,0,0,3,10,0,7,272,2,120,0,7,17,7,7,315,3,121,1,FINAL
79,2021,5,REG,c59dcd6a-b37c-11eb-9f27-33818e4d796d,10160000-0585-829f-0a01-97c06f4b7594,2021-10-12 00:15:00+00:00,2021-10-12,Baltimore Ravens,Indianapolis Colts,31,25,6,0,0,3,6,16,437,4,86,0,7,3,12,3,390,2,123,1,FINAL_OVERTIME
80,2021,6,REG,c59da4d8-b37c-11eb-9617-afa9727fab42,10160000-0585-83ea-df72-197ac0e03827,2021-10-15 00:20:00+00:00,2021-10-15,Philadelphia Eagles,Tampa Bay Buccaneers,22,28,0,0,7,0,7,8,113,1,100,2,14,7,7,0,297,2,102,2,FINAL
81,2021,6,REG,c59dae6d-b37c-11eb-ac10-97a1ea06b5e2,10160000-0585-84e1-77aa-b8b1af43224e,2021-10-17 13:30:00+00:00,2021-10-17,Jacksonville Jaguars,Miami Dolphins,23,20,0,0,3,7,7,6,312,1,84,1,7,6,0,7,354,2,77,0,FINAL
82,2021,6,REG,c599d9db-b37c-11eb-bcee-fa4faa7ecb35,10160000-0585-9157-ecbf-9685668a0c91,2021-10-17 17:00:00+00:00,2021-10-17,Washington Commanders,Kansas City Chiefs,13,31,0,0,3,10,0,0,182,1,94,0,7,3,7,14,390,2,109,2,FINAL
83,2021,6,REG,c599df09-b37c-11eb-a97a-3d335630dde6,10160000-0585-90ef-eb16-54118dc7f55c,2021-10-17 17:00:00+00:00,2021-10-17,New York Giants,Los Angeles Rams,11,38,0,0,3,0,0,8,201,0,60,1,0,28,3,7,234,4,131,1,FINAL
84,2021,6,REG,c599f391-b37c-11eb-bef2-5db09239a0ac,10160000-0585-89a5-c303-7ee5adfdea10,2021-10-17 17:00:00+00:00,2021-10-17,Indianapolis Colts,Houston Texans,31,3,0,0,7,3,14,7,214,2,174,2,0,3,0,0,229,0,124,0,FINAL
85,2021,6,REG,c59a007c-b37c-11eb-a9cd-31082c458582,10160000-0585-8829-9fd7-4967d2260223,2021-10-17 17:00:00+00:00,2021-10-17,Detroit Lions,Cincinnati Bengals,11,34,0,0,0,0,0,11,192,0,36,1,7,3,10,14,256,4,142,0,FINAL
86,2021,6,REG,c59d8583-b37c-11eb-b8df-213c1efefc3f,10160000-0585-87e1-77f0-10f83584cfd0,2021-10-17 17:00:00+00:00,2021-10-17,Chicago Bears,Green Bay Packers,14,24,0,0,7,0,0,7,137,1,140,1,0,10,7,7,169,2,154,1,FINAL
87,2021,6,REG,c59da5c6-b37c-11eb-a470-77d96e8dad84,10160000-0585-8560-d817-e064e3281e72,2021-10-17 17:00:00+00:00,2021-10-17,Baltimore Ravens,Los Angeles Chargers,34,6,0,0,7,10,10,7,140,1,187,3,0,6,0,0,182,1,26,0,FINAL
88,2021,6,REG,c59df5be-b37c-11eb-9ed8-304777eba43c,10160000-0585-8639-6b73-bdae19e8b027,2021-10-17 17:00:00+00:00,2021-10-17,Carolina Panthers,Minnesota Vikings,28,34,0,6,7,3,7,11,188,1,118,1,6,6,13,3,373,3,198,1,FINAL_OVERTIME
89,2021,6,REG,c59a0483-b37c-11eb-abac-4f5c371de22e,10160000-0585-92b3-fa8a-3d31ab92e9cd,2021-10-17 20:05:00+00:00,2021-10-17,Cleveland Browns,Arizona Cardinals,14,37,0,0,0,14,0,0,217,2,73,0,7,16,7,7,208,4,144,0,FINAL
90,2021,6,REG,c599ec4b-b37c-11eb-8fa9-4082cc76fbb5,10160000-0585-939d-ca18-03dc4baaa62c,2021-10-17 20:25:00+00:00,2021-10-17,Denver Broncos,Las Vegas Raiders,24,34,0,0,7,0,3,14,309,3,112,0,10,7,14,3,340,2,86,2,FINAL
91,2021,6,REG,c599fb90-b37c-11eb-aba9-a0ee1ea0d04b,10160000-0585-9460-db53-97217865bbca,2021-10-17 20:25:00+00:00,2021-10-17,New England Patriots,Dallas Cowboys,29,35,0,6,14,0,0,15,215,2,120,2,7,3,7,12,445,3,122,0,FINAL_OVERTIME
92,2021,6,REG,c599f2d0-b37c-11eb-ac67-82694b975169,10160000-0585-9536-9bbd-c417c8906174,2021-10-18 00:20:00+00:00,2021-10-18,Pittsburgh Steelers,Seattle Seahawks,23,20,3,0,0,14,3,3,226,1,119,1,0,0,14,6,165,1,144,1,FINAL_OVERTIME
93,2021,6,REG,c599d337-b37c-11eb-88c0-51a557ae873f,10160000-0585-965f-7a0d-6ef7d60fc6be,2021-10-19 00:15:00+00:00,2021-10-19,Tennessee Titans,Buffalo Bills,34,31,0,0,0,17,7,10,216,0,146,4,3,17,11,0,335,3,82,0,FINAL
94,2021,7,REG,c599d0ff-b37c-11eb-b462-92ca5e22ea78,10160000-0585-97b5-c38b-c489c1361b4b,2021-10-22 00:20:00+00:00,2021-10-22,Cleveland Browns,Denver Broncos,17,14,0,0,10,0,7,0,194,1,182,1,0,0,7,7,182,2,41,0,FINAL
95,2021,7,REG,c599acdc-b37c-11eb-90d7-8b1d3d0789e6,10160000-0586-025b-9e9c-20974c2be52d,2021-10-24 17:00:00+00:00,2021-10-24,New York Giants,Carolina Panthers,25,3,0,0,0,5,7,13,199,1,103,1,3,0,0,0,117,0,56,0,FINAL
96,2021,7,REG,c599bdbe-b37c-11eb-b0d5-c75633bde823,10160000-0586-01f2-8647-83d1b243d388,2021-10-24 17:00:00+00:00,2021-10-24,New England Patriots,New York Jets,54,13,0,0,14,17,3,20,403,3,148,4,0,7,6,0,237,1,62,1,FINAL
97,2021,7,REG,c599cdf2-b37c-11eb-89a6-58df96732a88,10160000-0586-03f0-dadc-5f293b9d5cc3,2021-10-24 17:00:00+00:00,2021-10-24,Tennessee Titans,Kansas City Chiefs,27,3,0,0,14,13,0,0,266,2,103,1,0,0,3,0,257,0,77,0,FINAL
98,2021,7,REG,c599de70-b37c-11eb-b344-9f8315daa578,10160000-0585-9945-f1ca-ec647642cb64,2021-10-24 17:00:00+00:00,2021-10-24,Green Bay Packers,Washington Commanders,24,10,0,0,7,7,7,3,247,3,57,0,7,0,0,3,235,1,195,0,FINAL
99,2021,7,REG,c599df10-b37c-11eb-9029-5814fad5708e,10160000-0586-00e3-5c25-2c5e09c87bf7,2021-10-24 17:00:00+00:00,2021-10-24,Miami Dolphins,Atlanta Falcons,28,30,0,0,7,0,7,14,281,4,132,0,0,13,7,10,325,2,72,1,FINAL
100,2021,7,REG,c599f342-b37c-11eb-9f7c-7c9249e10b74,10160000-0585-984d-c473-30363d539d63,2021-10-24 17:00:00+00:00,2021-10-24,Baltimore Ravens,Cincinnati Bengals,17,41,0,0,0,10,7,0,278,1,115,1,3,10,14,14,409,3,111,2,FINAL
101,2021,7,REG,c599c3fb-b37c-11eb-ba13-aa7df81873db,10160000-0586-04bb-6de5-531e31c5e9f0,2021-10-24 20:05:00+00:00,2021-10-24,Los Angeles Rams,Detroit Lions,28,19,0,0,3,14,0,11,327,3,47,0,10,6,3,0,278,1,137,0,FINAL
102,2021,7,REG,c599cccd-b37c-11eb-b396-d1345dd16473,10160000-0586-05bf-6d9a-b4b38499b047,2021-10-24 20:05:00+00:00,2021-10-24,Las Vegas Raiders,Philadelphia Eagles,33,22,0,0,0,17,13,3,323,2,119,2,7,0,0,15,223,2,135,1,FINAL
103,2021,7,REG,c599accc-b37c-11eb-8f41-f45bb96e097e,10160000-0586-0692-769b-7837635ed359,2021-10-24 20:25:00+00:00,2021-10-24,Arizona Cardinals,Houston Texans,31,5,0,0,0,17,7,7,225,3,172,1,2,3,0,0,118,0,42,0,FINAL
104,2021,7,REG,c599b84f-b37c-11eb-9bf6-8266221c6f86,10160000-0586-073c-ee46-d0dc27fed855,2021-10-24 20:25:00+00:00,2021-10-24,Tampa Bay Buccaneers,Chicago Bears,38,3,0,0,21,14,0,3,226,4,182,1,0,3,0,0,168,0,143,0,FINAL
105,2021,7,REG,c599a113-b37c-11eb-9ea7-1ad03543e49a,10160000-0586-085b-44b3-5bc73b9079cb,2021-10-25 00:20:00+00:00,2021-10-25,San Francisco 49ers,Indianapolis Colts,18,30,0,0,12,0,0,6,169,1,111,1,7,6,7,10,147,2,148,2,FINAL
106,2021,7,REG,c59999f9-b37c-11eb-8f25-c6a3e3dad04c,10160000-0586-0969-ae78-6a31c74e0e7a,2021-10-26 00:15:00+00:00,2021-10-26,Seattle Seahawks,New Orleans Saints,10,13,0,0,7,0,3,0,129,1,90,0,0,10,0,3,210,1,94,0,FINAL
107,2021,8,REG,c599c1ec-b37c-11eb-a7ee-a216e0da7aac,10160000-0586-1014-49be-9e3476a37650,2021-10-29 00:20:00+00:00,2021-10-29,Arizona Cardinals,Green Bay Packers,21,24,0,0,7,0,7,7,260,0,74,3,0,10,7,7,184,2,151,1,FINAL
108,2021,8,REG,c599748a-b37c-11eb-8717-b15655d15a43,10160000-0586-18f2-2465-f6877cedb800,2021-10-31 17:00:00+00:00,2021-10-31,New York Jets,Cincinnati Bengals,34,31,0,0,7,7,3,17,414,3,97,1,0,17,7,7,277,3,41,1,FINAL
109,2021,8,REG,c59979aa-b37c-11eb-9545-5d927aa1f09a,10160000-0586-17ba-050c-83c692d4c53a,2021-10-31 17:00:00+00:00,2021-10-31,Indianapolis Colts,Tennessee Titans,31,34,0,3,14,3,7,7,224,3,83,1,0,14,7,10,247,3,93,0,FINAL_OVERTIME
110,2021,8,REG,c5998dc8-b37c-11eb-aaa9-9d79bbf40974,10160000-0586-168d-80ec-0bbbdafe2d9b,2021-10-31 17:00:00+00:00,2021-10-31,Houston Texans,Los Angeles Rams,22,38,0,0,0,0,0,22,279,2,44,1,7,17,14,0,302,3,165,2,FINAL
111,2021,8,REG,c599942b-b37c-11eb-8116-e420dc2f1097,10160000-0586-143c-2c3f-7983dc713148,2021-10-31 17:00:00+00:00,2021-10-31,Cleveland Browns,Pittsburgh Steelers,10,15,0,0,3,0,7,0,210,0,96,1,0,3,6,6,255,1,115,1,FINAL
112,2021,8,REG,c59996b3-b37c-11eb-bdcd-878b71a272b3,10160000-0586-156a-46a9-a2c42dfd5cc3,2021-10-31 17:00:00+00:00,2021-10-31,Detroit Lions,Philadelphia Eagles,6,44,0,0,0,0,0,6,171,0,57,1,7,10,21,6,114,0,236,4,FINAL
113,2021,8,REG,c5999f18-b37c-11eb-98fb-8728a42333e4,10160000-0586-1317-2bd2-dc5ec65ec74a,2021-10-31 17:00:00+00:00,2021-10-31,Chicago Bears,San Francisco 49ers,22,33,0,0,3,10,3,6,148,1,176,1,3,6,6,18,322,0,145,3,FINAL
114,2021,8,REG,c599b635-b37c-11eb-b54c-adfe23a3e086,10160000-0586-1198-2eae-cbb06a08f7e4,2021-10-31 17:00:00+00:00,2021-10-31,Atlanta Falcons,Carolina Panthers,13,19,0,0,3,7,0,3,131,1,82,0,3,6,3,7,129,0,203,1,FINAL
115,2021,8,REG,c599bf43-b37c-11eb-ad13-0afbcf7ddfa9,10160000-0586-126b-df63-e93e28f7fc28,2021-10-31 17:00:00+00:00,2021-10-31,Buffalo Bills,Miami Dolphins,26,11,0,0,3,0,7,16,249,2,102,1,0,3,0,8,194,0,68,1,FINAL
116,2021,8,REG,c5997ddf-b37c-11eb-b605-7aabb5db6277,10160000-0586-192a-816e-f136184e5caa,2021-10-31 20:05:00+00:00,2021-10-31,Los Angeles Chargers,New England Patriots,24,27,0,0,7,7,3,7,206,2,163,1,7,6,3,11,210,0,142,1,FINAL
117,2021,8,REG,c59982f7-b37c-11eb-87e7-c86a9c00d82a,10160000-0586-20c3-f5e9-47fb8cba284d,2021-10-31 20:05:00+00:00,2021-10-31,Seattle Seahawks,Jacksonville Jaguars,31,7,0,0,7,10,7,7,160,2,69,1,0,0,0,7,227,1,82,0,FINAL
118,2021,8,REG,c5996ddf-b37c-11eb-b6c4-9047f43b506b,10160000-0586-211f-5863-170a4c769585,2021-10-31 20:25:00+00:00,2021-10-31,Denver Broncos,Washington Commanders,17,10,0,0,0,10,0,7,190,1,83,1,0,3,7,0,230,1,112,0,FINAL
119,2021,8,REG,c59978ee-b37c-11eb-9fdd-edea6533b161,10160000-0586-2232-ad98-be22e2b9e559,2021-10-31 20:25:00+00:00,2021-10-31,New Orleans Saints,Tampa Bay Buccaneers,36,27,0,0,7,9,7,13,209,2,152,1,7,0,14,6,350,4,71,0,FINAL
120,2021,8,REG,c5994e3e-b37c-11eb-837c-ddf732b06303,10160000-0586-2320-e3bb-ca002ba299dd,2021-11-01 00:20:00+00:00,2021-11-01,Minnesota Vikings,Dallas Cowboys,16,20,0,0,7,3,3,3,177,1,101,0,0,3,10,7,341,2,78,0,FINAL
121,2021,8,REG,c59968af-b37c-11eb-ba8a-ecb6fe06b3b0,10160000-0586-246f-2d86-fc18881f0a73,2021-11-02 00:15:00+00:00,2021-11-02,Kansas City Chiefs,New York Giants,20,17,0,0,7,7,0,6,261,1,107,1,0,10,0,7,228,2,72,0,FINAL
122,2021,9,REG,c5996d0c-b37c-11eb-8ac9-773553be5f19,10160000-0586-25d1-9337-25821ada89de,2021-11-05 00:20:00+00:00,2021-11-05,Indianapolis Colts,New York Jets,45,30,0,0,7,21,14,3,272,3,260,3,7,3,6,14,398,4,88,0,FINAL
123,2021,9,REG,c5993b64-b37c-11eb-a78a-30c5c677cad5,10160000-0586-3236-e5c0-11e0241636f0,2021-11-07 18:00:00+00:00,2021-11-07,New Orleans Saints,Atlanta Falcons,25,27,0,0,0,0,3,22,267,2,109,1,3,7,7,10,332,2,34,1,FINAL
124,2021,9,REG,c5994245-b37c-11eb-88b5-52a417aac100,10160000-0586-2983-02e8-f15404122881,2021-11-07 18:00:00+00:00,2021-11-07,Dallas Cowboys,Denver Broncos,16,30,0,0,0,0,0,16,212,2,78,0,6,10,3,11,217,1,190,2,FINAL
125,2021,9,REG,c59952fa-b37c-11eb-aaaa-3cd93d2e7884,10160000-0586-2710-526b-8322946486dc,2021-11-07 18:00:00+00:00,2021-11-07,Carolina Panthers,New England Patriots,6,24,0,0,0,6,0,0,162,0,78,0,0,14,10,0,122,1,151,1,FINAL
126,2021,9,REG,c599583a-b37c-11eb-92fc-9ab6b24fbc7e,10160000-0586-263a-6126-2df0136ce50f,2021-11-07 18:00:00+00:00,2021-11-07,Baltimore Ravens,Minnesota Vikings,34,31,3,0,3,7,7,14,253,3,247,1,7,10,7,7,187,2,131,1,FINAL_OVERTIME
127,2021,9,REG,c5995a09-b37c-11eb-bd2e-2fc8670f4c6e,10160000-0586-28cc-8c76-2948ce313801,2021-11-07 18:00:00+00:00,2021-11-07,Cincinnati Bengals,Cleveland Browns,16,41,0,0,7,3,0,6,263,0,85,2,7,17,10,7,208,2,153,2,FINAL
128,2021,9,REG,c5995ac8-b37c-11eb-96b9-62a07f8b20c1,10160000-0586-30ad-ec8d-8a5d9f923f00,2021-11-07 18:00:00+00:00,2021-11-07,Jacksonville Jaguars,Buffalo Bills,9,6,0,0,3,3,0,3,139,0,79,0,3,3,0,0,229,0,72,0,FINAL
129,2021,9,REG,c59970e8-b37c-11eb-9e19-00bc1829d24f,10160000-0586-31c9-618e-bfc8cff2be31,2021-11-07 18:00:00+00:00,2021-11-07,Miami Dolphins,Houston Texans,17,9,0,0,7,10,0,0,215,1,47,1,0,6,0,3,199,0,73,0,FINAL
130,2021,9,REG,c59971b3-b37c-11eb-a318-b1d0e7e8792e,10160000-0586-334f-a859-0a1e5b229c95,2021-11-07 18:00:00+00:00,2021-11-07,New York Giants,Las Vegas Raiders,23,16,0,0,7,3,7,6,98,1,149,0,7,6,3,0,286,1,117,0,FINAL
131,2021,9,REG,c599646b-b37c-11eb-9064-a3b8d28903d4,10160000-0586-349c-8704-efc78e75a1c5,2021-11-07 21:05:00+00:00,2021-11-07,Philadelphia Eagles,Los Angeles Chargers,24,27,0,0,0,10,7,7,155,1,176,2,7,0,9,11,356,2,89,1,FINAL
132,2021,9,REG,c5992eb1-b37c-11eb-acef-004a6dd04236,10160000-0586-3533-e98a-3b2504389274,2021-11-07 21:25:00+00:00,2021-11-07,Kansas City Chiefs,Green Bay Packers,13,7,0,0,7,6,0,0,160,1,77,0,0,0,0,7,179,1,122,0,FINAL
133,2021,9,REG,c59958b3-b37c-11eb-901f-b386dd79c602,10160000-0586-3612-1a90-45db9784b8ab,2021-11-07 21:25:00+00:00,2021-11-07,San Francisco 49ers,Arizona Cardinals,17,31,0,0,0,7,7,3,298,2,39,0,14,3,14,0,274,1,163,3,FINAL
134,2021,9,REG,c5992b88-b37c-11eb-b268-91616e0aa8ce,10160000-0586-37fa-fc75-f38fc8292eaa,2021-11-08 01:20:00+00:00,2021-11-08,Los Angeles Rams,Tennessee Titans,16,28,0,0,3,0,3,10,253,1,94,0,0,21,0,7,125,1,69,2,FINAL
135,2021,9,REG,c5994cf9-b37c-11eb-a4b9-33ea453005d5,10160000-0586-3849-69aa-da11e4b10a8f,2021-11-09 01:15:00+00:00,2021-11-09,Pittsburgh Steelers,Chicago Bears,29,27,0,0,7,7,6,9,175,2,105,1,0,3,3,21,278,1,136,1,FINAL
136,2021,10,REG,c59949a5-b37c-11eb-a824-966776c37c34,10160000-0586-39a4-241f-6d7470285c47,2021-11-12 01:20:00+00:00,2021-11-12,Miami Dolphins,Baltimore Ravens,22,10,0,0,0,6,0,16,290,0,60,1,3,0,0,7,210,1,94,0,FINAL
137,2021,10,REG,c5990a2c-b37c-11eb-a3ba-55ec1a6e189e,10160000-0586-43d2-395f-4bf27d1404ee,2021-11-14 18:00:00+00:00,2021-11-14,New York Jets,Buffalo Bills,17,45,0,0,0,3,0,14,296,1,70,1,10,7,21,7,350,2,139,4,FINAL
138,2021,10,REG,c599200c-b37c-11eb-9f27-33818e4d796d,10160000-0586-4622-f11e-15f7482640be,2021-11-14 18:00:00+00:00,2021-11-14,Washington Commanders,Tampa Bay Buccaneers,29,19,0,0,6,10,7,6,226,1,94,2,0,6,7,6,220,2,53,0,FINAL
139,2021,10,REG,c5992400-b37c-11eb-a168-a6c97a9e291b,10160000-0586-4081-1e73-e81083e4af9e,2021-11-14 18:00:00+00:00,2021-11-14,Dallas Cowboys,Atlanta Falcons,43,3,0,0,7,29,7,0,317,2,114,3,3,0,0,0,111,0,103,0,FINAL
140,2021,10,REG,c59926e6-b37c-11eb-a238-2558151bb271,10160000-0586-459d-5a14-86398c300fa2,2021-11-14 18:00:00+00:00,2021-11-14,Tennessee Titans,New Orleans Saints,23,21,0,0,3,10,7,3,198,1,66,1,0,6,6,9,287,2,86,1,FINAL
141,2021,10,REG,c5993188-b37c-11eb-a2e3-1893925df770,10160000-0586-41eb-d0af-fdecedbc0860,2021-11-14 18:00:00+00:00,2021-11-14,Indianapolis Colts,Jacksonville Jaguars,23,17,0,0,17,3,0,3,168,0,127,1,6,3,0,8,152,0,179,2,FINAL
142,2021,10,REG,c5993531-b37c-11eb-acb9-bc5b029089d3,10160000-0586-4425-bb77-9ad5d2181523,2021-11-14 18:00:00+00:00,2021-11-14,Pittsburgh Steelers,Detroit Lions,16,16,0,0,7,3,3,3,242,1,145,0,0,10,6,0,77,0,229,2,FINAL_OVERTIME
143,2021,10,REG,c59948ac-b37c-11eb-a4de-4a9ece5dcb0d,10160000-0586-4216-83b9-5ebda2ac2f30,2021-11-14 18:00:00+00:00,2021-11-14,New England Patriots,Cleveland Browns,45,7,0,0,7,17,7,14,268,4,184,2,7,0,0,0,118,1,99,0,FINAL
144,2021,10,REG,c59921e1-b37c-11eb-ac10-97a1ea06b5e2,10160000-0586-4864-8173-1b0e28a7b11a,2021-11-14 21:05:00+00:00,2021-11-14,Los Angeles Chargers,Minnesota Vikings,20,27,0,0,0,10,7,3,171,1,82,1,0,13,7,7,278,2,103,1,FINAL
145,2021,10,REG,c5992c6d-b37c-11eb-9617-afa9727fab42,10160000-0586-4798-b973-d510130fe432,2021-11-14 21:05:00+00:00,2021-11-14,Arizona Cardinals,Carolina Panthers,10,34,0,0,0,0,3,7,104,0,65,1,17,6,8,3,175,1,166,2,FINAL
146,2021,10,REG,c5991e4b-b37c-11eb-a470-77d96e8dad84,10160000-0586-49dc-905a-b3b21334e565,2021-11-14 21:25:00+00:00,2021-11-14,Denver Broncos,Philadelphia Eagles,13,30,0,0,0,10,3,0,212,0,96,1,10,10,7,3,170,2,216,0,FINAL
147,2021,10,REG,c5995423-b37c-11eb-9ed8-304777eba43c,10160000-0586-50b4-b794-e7972c0d7575,2021-11-14 21:25:00+00:00,2021-11-14,Green Bay Packers,Seattle Seahawks,17,0,0,0,0,3,0,14,287,0,106,2,0,0,0,0,133,0,75,0,FINAL
148,2021,10,REG,c599035c-b37c-11eb-b8df-213c1efefc3f,10160000-0586-5180-6789-97efd11644c2,2021-11-15 01:20:00+00:00,2021-11-15,Las Vegas Raiders,Kansas City Chiefs,14,41,0,0,0,7,7,0,249,2,50,0,7,10,10,14,422,5,94,0,FINAL
149,2021,10,REG,c5990e7c-b37c-11eb-a9cd-31082c458582,10160000-0586-5217-2a0e-c090ab5807aa,2021-11-16 01:15:00+00:00,2021-11-16,San Francisco 49ers,Los Angeles Rams,31,10,0,0,14,7,3,7,179,2,156,1,0,7,0,3,226,1,52,0,FINAL
150,2021,11,REG,c5990d64-b37c-11eb-bef2-5db09239a0ac,10160000-0586-5342-6d41-c810cff5d936,2021-11-19 01:20:00+00:00,2021-11-19,Atlanta Falcons,New England Patriots,0,25,0,0,0,0,0,0,125,0,40,0,3,10,0,12,174,1,134,0,FINAL
151,2021,11,REG,c598c977-b37c-11eb-b462-92ca5e22ea78,10160000-0586-6126-ef76-9dc348c0ac76,2021-11-21 18:00:00+00:00,2021-11-21,Philadelphia Eagles,New Orleans Saints,40,29,0,0,14,13,6,7,138,0,242,3,0,7,0,22,214,3,109,1,FINAL
152,2021,11,REG,c598e17a-b37c-11eb-88c0-51a557ae873f,10160000-0586-6026-c2c3-234d6201e014,2021-11-21 18:00:00+00:00,2021-11-21,New York Jets,Miami Dolphins,17,24,0,0,7,0,7,3,278,2,102,0,7,0,7,10,273,2,115,1,FINAL
153,2021,11,REG,c598e457-b37c-11eb-bcee-fa4faa7ecb35,10160000-0586-5543-e11e-6d1516a81464,2021-11-21 18:00:00+00:00,2021-11-21,Carolina Panthers,Washington Commanders,21,27,0,0,7,7,0,7,186,2,111,1,0,14,7,6,179,3,190,0,FINAL
154,2021,11,REG,c598e5a7-b37c-11eb-a97a-3d335630dde6,10160000-0586-54ab-3f0e-28e043a060df,2021-11-21 18:00:00+00:00,2021-11-21,Buffalo Bills,Indianapolis Colts,15,41,0,0,0,7,0,8,220,2,91,0,14,10,14,3,106,1,264,4,FINAL
155,2021,11,REG,c598f740-b37c-11eb-8fa9-4082cc76fbb5,10160000-0586-5732-3027-2b4e927a93f6,2021-11-21 18:00:00+00:00,2021-11-21,Cleveland Browns,Detroit Lions,13,10,0,0,0,13,0,0,165,1,184,1,0,0,7,3,77,0,168,1,FINAL
156,2021,11,REG,c598fd3f-b37c-11eb-aba9-a0ee1ea0d04b,10160000-0586-5884-70ae-81f990dd7759,2021-11-21 18:00:00+00:00,2021-11-21,Jacksonville Jaguars,San Francisco 49ers,10,30,0,0,0,3,0,7,146,0,54,1,3,17,7,3,162,2,171,1,FINAL
157,2021,11,REG,c59903bf-b37c-11eb-9f7c-7c9249e10b74,10160000-0586-62fb-5c7d-eb1b756bbb1e,2021-11-21 18:00:00+00:00,2021-11-21,Tennessee Titans,Houston Texans,13,22,0,0,0,0,6,7,317,1,103,0,3,9,7,3,107,0,83,2,FINAL
158,2021,11,REG,c5990a3d-b37c-11eb-ac67-82694b975169,10160000-0586-5977-9800-c4015b26ad15,2021-11-21 18:00:00+00:00,2021-11-21,Minnesota Vikings,Green Bay Packers,34,31,0,0,9,7,7,11,318,3,90,1,3,7,7,14,372,4,95,0,FINAL
159,2021,11,REG,c5991638-b37c-11eb-abac-4f5c371de22e,10160000-0586-5686-c482-19c3aaa58c1a,2021-11-21 18:00:00+00:00,2021-11-21,Chicago Bears,Baltimore Ravens,13,16,0,0,0,0,7,6,261,2,92,0,0,6,0,10,176,0,123,1,FINAL
160,2021,11,REG,c598f32b-b37c-11eb-b344-9f8315daa578,10160000-0586-6323-2b0e-26ce4dd928d5,2021-11-21 21:05:00+00:00,2021-11-21,Las Vegas Raiders,Cincinnati Bengals,13,32,0,0,3,3,0,7,206,1,72,0,3,7,3,19,129,1,159,2,FINAL
161,2021,11,REG,c598d2c3-b37c-11eb-b0d5-c75633bde823,10160000-0586-658c-0c7e-b51de943dbe4,2021-11-21 21:25:00+00:00,2021-11-21,Seattle Seahawks,Arizona Cardinals,13,23,0,0,0,6,0,7,180,0,86,1,7,6,3,7,318,2,95,1,FINAL
162,2021,11,REG,c598efa6-b37c-11eb-9029-5814fad5708e,10160000-0586-6424-685a-6f568cd3007c,2021-11-21 21:25:00+00:00,2021-11-21,Kansas City Chiefs,Dallas Cowboys,19,9,0,0,9,7,3,0,244,0,126,2,3,0,3,3,194,0,82,0,FINAL
163,2021,11,REG,c598b164-b37c-11eb-90d7-8b1d3d0789e6,10160000-0586-6696-59c9-9cc0e0b5c8d1,2021-11-22 01:20:00+00:00,2021-11-22,Los Angeles Chargers,Pittsburgh Steelers,41,37,0,0,7,10,10,14,374,3,159,2,3,7,0,27,245,3,55,1,FINAL
164,2021,11,REG,c598dd6b-b37c-11eb-89a6-58df96732a88,10160000-0586-6749-7b55-06f7a253d023,2021-11-23 01:15:00+00:00,2021-11-23,Tampa Bay Buccaneers,New York Giants,30,10,0,0,7,10,10,3,308,2,94,1,3,7,0,0,149,1,66,0,FINAL
165,2021,12,REG,c598cfc6-b37c-11eb-ba13-aa7df81873db,10160000-0586-6841-ae86-4a9be6190bcd,2021-11-25 17:30:00+00:00,2021-11-25,Detroit Lions,Chicago Bears,14,16,0,0,7,0,7,0,163,2,76,0,0,13,0,3,310,1,68,0,FINAL
166,2021,12,REG,c598cdcc-b37c-11eb-b396-d1345dd16473,10160000-0586-69a7-6648-aaa102713d03,2021-11-25 21:30:00+00:00,2021-11-25,Dallas Cowboys,Las Vegas Raiders,33,36,0,3,6,7,6,14,373,2,64,1,14,3,10,6,366,1,143,2,FINAL_OVERTIME
167,2021,12,REG,c598b6fd-b37c-11eb-8f41-f45bb96e097e,10160000-0586-703b-c1ab-4d97657fbeb0,2021-11-26 01:20:00+00:00,2021-11-26,New Orleans Saints,Buffalo Bills,6,31,0,0,0,0,0,6,146,1,44,0,7,3,14,7,248,4,113,0,FINAL
168,2021,12,REG,c598a455-b37c-11eb-8f25-c6a3e3dad04c,10160000-0586-73c7-3f7d-85cc3c5f3571,2021-11-28 18:00:00+00:00,2021-11-28,Indianapolis Colts,Tampa Bay Buccaneers,31,38,0,0,3,21,0,7,285,3,107,1,0,14,14,10,217,1,142,4,FINAL
169,2021,12,REG,c598ab7c-b37c-11eb-9ea7-1ad03543e49a,10160000-0586-72e9-28a2-1367df1bdb2d,2021-11-28 18:00:00+00:00,2021-11-28,Houston Texans,New York Jets,14,21,0,0,0,14,0,0,106,2,96,0,3,8,7,3,109,0,157,2,FINAL
170,2021,12,REG,c598b072-b37c-11eb-98fb-8728a42333e4,10160000-0586-7761-460f-d58911fcbaf8,2021-11-28 18:00:00+00:00,2021-11-28,New York Giants,Philadelphia Eagles,13,7,0,0,3,0,7,3,194,1,70,0,0,0,0,7,124,0,208,1,FINAL
171,2021,12,REG,c598bc88-b37c-11eb-b54c-adfe23a3e086,10160000-0586-7535-a041-6da9a089c9c4,2021-11-28 18:00:00+00:00,2021-11-28,Miami Dolphins,Carolina Panthers,33,10,0,0,7,14,6,6,204,1,111,2,7,3,0,0,134,0,64,1,FINAL
172,2021,12,REG,c598c183-b37c-11eb-ad13-0afbcf7ddfa9,10160000-0586-7695-3493-146560fe88f2,2021-11-28 18:00:00+00:00,2021-11-28,New England Patriots,Tennessee Titans,36,13,0,0,7,9,10,10,289,2,105,1,0,13,0,0,85,1,270,1,FINAL
173,2021,12,REG,c598c70f-b37c-11eb-9bf6-8266221c6f86,10160000-0586-71a7-ad69-2db8656fcc24,2021-11-28 18:00:00+00:00,2021-11-28,Cincinnati Bengals,Pittsburgh Steelers,41,10,0,0,10,21,3,7,172,1,198,3,3,0,0,7,250,1,51,0,FINAL
174,2021,12,REG,c598d16c-b37c-11eb-a7ee-a216e0da7aac,10160000-0586-748f-b4fd-44ee65f2acc4,2021-11-28 18:00:00+00:00,2021-11-28,Jacksonville Jaguars,Atlanta Falcons,14,21,0,0,0,3,8,3,216,1,141,0,7,7,7,0,183,1,149,2,FINAL
175,2021,12,REG,c598de48-b37c-11eb-8116-e420dc2f1097,10160000-0586-7834-5cff-d927486db13b,2021-11-28 21:05:00+00:00,2021-11-28,Denver Broncos,Los Angeles Chargers,28,13,0,0,7,7,0,14,155,1,147,2,0,7,0,6,285,2,72,0,FINAL
176,2021,12,REG,c598a1e7-b37c-11eb-bdcd-878b71a272b3,10160000-0586-79dc-48bc-1c9f56796d27,2021-11-28 21:25:00+00:00,2021-11-28,Green Bay Packers,Los Angeles Rams,36,28,0,0,7,13,16,0,307,2,92,1,0,17,0,11,285,3,68,0,FINAL
177,2021,12,REG,c598b7aa-b37c-11eb-aaa9-9d79bbf40974,10160000-0586-8063-7abc-663d2a391fe5,2021-11-28 21:25:00+00:00,2021-11-28,San Francisco 49ers,Minnesota Vikings,34,26,0,0,7,7,20,0,215,1,208,3,7,7,12,0,256,2,67,1,FINAL
178,2021,12,REG,c5988453-b37c-11eb-9545-5d927aa1f09a,10160000-0586-8114-0987-cee47f496449,2021-11-29 01:20:00+00:00,2021-11-29,Baltimore Ravens,Cleveland Browns,16,10,0,0,3,3,7,3,155,1,148,0,0,3,7,0,222,1,40,0,FINAL
179,2021,12,REG,c5989cd6-b37c-11eb-8717-b15655d15a43,10160000-0586-82f1-2498-f710dac5ddec,2021-11-30 01:15:00+00:00,2021-11-30,Washington Commanders,Seattle Seahawks,17,15,0,0,3,6,8,0,219,1,152,1,7,2,0,6,233,2,34,0,FINAL
180,2021,13,REG,c598a2c4-b37c-11eb-b605-7aabb5db6277,10160000-0586-8369-f9ad-7dcb05ea431e,2021-12-03 01:20:00+00:00,2021-12-03,New Orleans Saints,Dallas Cowboys,17,27,0,0,0,7,3,7,252,2,153,0,7,6,7,7,231,1,146,1,FINAL
181,2021,13,REG,c5986caf-b37c-11eb-92fc-9ab6b24fbc7e,10160000-0586-9088-68b1-b1e733dc1db9,2021-12-05 18:00:00+00:00,2021-12-05,Miami Dolphins,New York Giants,20,9,0,0,0,10,0,10,229,2,68,0,0,3,3,3,159,0,91,0,FINAL
182,2021,13,REG,c5988012-b37c-11eb-ba8a-ecb6fe06b3b0,10160000-0586-88ff-f4fb-c89c4cfac9c2,2021-12-05 18:00:00+00:00,2021-12-05,Houston Texans,Indianapolis Colts,0,31,0,0,0,0,0,0,57,0,84,0,7,7,7,10,151,1,238,3,FINAL
183,2021,13,REG,c59880e6-b37c-11eb-837c-ddf732b06303,10160000-0586-878a-59ca-b7231b3aaa03,2021-12-05 18:00:00+00:00,2021-12-05,Detroit Lions,Minnesota Vikings,29,27,0,0,0,20,3,6,272,3,100,0,6,0,9,12,326,2,100,1,FINAL
184,2021,13,REG,c59883c9-b37c-11eb-aaaa-3cd93d2e7884,10160000-0586-9135-3093-1de4bc7b6eee,2021-12-05 18:00:00+00:00,2021-12-05,New York Jets,Philadelphia Eagles,18,33,0,0,12,6,0,0,211,2,70,1,7,17,3,6,233,2,185,1,FINAL
185,2021,13,REG,c5988ff5-b37c-11eb-b6c4-9047f43b506b,10160000-0586-8587-0eb3-7be51ddcd530,2021-12-05 18:00:00+00:00,2021-12-05,Chicago Bears,Arizona Cardinals,22,33,0,0,0,7,7,8,217,2,112,1,14,7,3,9,120,2,137,2,FINAL
186,2021,13,REG,c5989635-b37c-11eb-9fdd-edea6533b161,10160000-0586-86b2-601d-93aea5d5754d,2021-12-05 18:00:00+00:00,2021-12-05,Cincinnati Bengals,Los Angeles Chargers,22,41,0,0,0,13,9,0,260,1,96,2,16,8,0,17,284,3,79,1,FINAL
187,2021,13,REG,c598a2eb-b37c-11eb-87e7-c86a9c00d82a,10160000-0586-849f-e1a7-823889c5fa0c,2021-12-05 18:00:00+00:00,2021-12-05,Atlanta Falcons,Tampa Bay Buccaneers,17,30,0,0,7,10,0,0,259,0,121,1,13,7,7,3,368,4,57,0,FINAL
188,2021,13,REG,c598679b-b37c-11eb-88b5-52a417aac100,10160000-0586-937d-aa2f-a2eb076e696a,2021-12-05 21:05:00+00:00,2021-12-05,Los Angeles Rams,Jacksonville Jaguars,37,7,0,0,10,6,14,7,290,3,128,1,0,7,0,0,136,0,61,1,FINAL
189,2021,13,REG,c5988442-b37c-11eb-bd2e-2fc8670f4c6e,10160000-0586-92de-1c7f-34acca71c45a,2021-12-05 21:05:00+00:00,2021-12-05,Las Vegas Raiders,Washington Commanders,15,17,0,0,0,3,3,9,234,0,76,1,7,0,0,10,186,2,112,0,FINAL
190,2021,13,REG,c5987bd5-b37c-11eb-96b9-62a07f8b20c1,10160000-0586-94fe-773a-6cb74102e464,2021-12-05 21:25:00+00:00,2021-12-05,Pittsburgh Steelers,Baltimore Ravens,20,19,0,0,0,3,0,17,236,2,85,0,0,7,3,9,219,1,107,1,FINAL
191,2021,13,REG,c5987e3e-b37c-11eb-9e19-00bc1829d24f,10160000-0586-95ac-c594-656339eb7281,2021-12-05 21:25:00+00:00,2021-12-05,Seattle Seahawks,San Francisco 49ers,30,23,0,0,7,14,9,0,181,2,146,2,14,9,0,0,294,2,71,1,FINAL
192,2021,13,REG,c5988ba4-b37c-11eb-8ac9-773553be5f19,10160000-0586-899b-0cf3-ca1988cf1362,2021-12-06 01:20:00+00:00,2021-12-06,Kansas City Chiefs,Denver Broncos,22,9,0,0,10,0,3,9,178,0,89,1,0,3,0,6,250,1,154,0,FINAL
193,2021,13,REG,c5985487-b37c-11eb-a78a-30c5c677cad5,10160000-0586-96a2-267a-9b4b8c140b71,2021-12-07 01:15:00+00:00,2021-12-07,Buffalo Bills,New England Patriots,10,14,0,0,7,0,3,0,131,1,99,0,8,3,0,3,19,0,222,1,FINAL
194,2021,14,REG,c5988c1b-b37c-11eb-a318-b1d0e7e8792e,10160000-0586-97dc-570a-46324316336a,2021-12-10 01:20:00+00:00,2021-12-10,Minnesota Vikings,Pittsburgh Steelers,36,28,0,0,6,17,6,7,216,2,242,2,0,0,7,21,269,3,106,1,FINAL
195,2021,14,REG,c5983033-b37c-11eb-a2e3-1893925df770,10160000-0587-0554-e922-4af9a77787f3,2021-12-12 18:00:00+00:00,2021-12-12,Washington Commanders,Dallas Cowboys,20,27,0,0,0,0,8,12,124,1,100,1,18,6,3,0,201,1,122,0,FINAL
196,2021,14,REG,c5983a53-b37c-11eb-a168-a6c97a9e291b,10160000-0587-0423-5d01-207449e4e1e7,2021-12-12 18:00:00+00:00,2021-12-12,Tennessee Titans,Jacksonville Jaguars,20,0,0,0,7,3,7,3,161,0,102,2,0,0,0,0,184,0,8,0,FINAL
197,2021,14,REG,c59842b5-b37c-11eb-b268-91616e0aa8ce,10160000-0587-01e7-d178-357e89693ee9,2021-12-12 18:00:00+00:00,2021-12-12,Houston Texans,Seattle Seahawks,13,33,0,0,7,6,0,0,317,1,63,0,10,6,3,14,260,2,193,2,FINAL
198,2021,14,REG,c5985c49-b37c-11eb-a4b9-33ea453005d5,10160000-0587-025a-fbcd-06de5701c296,2021-12-12 18:00:00+00:00,2021-12-12,Kansas City Chiefs,Las Vegas Raiders,48,9,0,0,14,21,3,10,240,2,132,3,0,3,6,0,246,1,44,0,FINAL
199,2021,14,REG,c5985d3c-b37c-11eb-a824-966776c37c34,10160000-0587-03fd-c537-aa87a3759648,2021-12-12 18:00:00+00:00,2021-12-12,New York Jets,New Orleans Saints,9,30,0,0,0,6,0,3,178,0,78,0,3,7,3,17,141,0,203,3,FINAL
200,2021,14,REG,c5985d56-b37c-11eb-9064-a3b8d28903d4,10160000-0586-98bb-eb7e-c578a377c768,2021-12-12 18:00:00+00:00,2021-12-12,Carolina Panthers,Atlanta Falcons,21,29,0,0,7,0,7,7,243,1,91,2,7,10,3,9,190,1,128,1,FINAL
201,2021,14,REG,c5987fd2-b37c-11eb-901f-b386dd79c602,10160000-0587-0078-cc49-8773a5a88048,2021-12-12 18:00:00+00:00,2021-12-12,Cleveland Browns,Baltimore Ravens,24,22,0,0,10,14,0,0,190,2,100,0,0,6,3,13,271,1,118,1,FINAL
202,2021,14,REG,c5982d2b-b37c-11eb-a3ba-55ec1a6e189e,10160000-0587-0725-4585-daff36162375,2021-12-12 21:05:00+00:00,2021-12-12,Los Angeles Chargers,New York Giants,37,21,0,0,7,17,6,7,271,3,152,1,7,0,0,14,181,2,135,1,FINAL
203,2021,14,REG,c59851fc-b37c-11eb-a4de-4a9ece5dcb0d,10160000-0587-06c4-5440-b3716d42c517,2021-12-12 21:05:00+00:00,2021-12-12,Denver Broncos,Detroit Lions,38,10,0,0,14,3,14,7,174,2,184,3,0,10,0,0,198,1,118,0,FINAL
204,2021,14,REG,c5983997-b37c-11eb-acef-004a6dd04236,10160000-0586-99a8-dc3e-2a5706f728e6,2021-12-12 21:25:00+00:00,2021-12-12,Cincinnati Bengals,San Francisco 49ers,23,26,3,6,3,3,0,14,311,2,86,0,3,14,3,0,255,2,100,1,FINAL_OVERTIME
205,2021,14,REG,c59847b5-b37c-11eb-acb9-bc5b029089d3,10160000-0587-0856-cc96-862ce802696a,2021-12-12 21:25:00+00:00,2021-12-12,Tampa Bay Buccaneers,Buffalo Bills,33,27,6,0,7,17,0,3,351,2,137,2,0,3,7,17,293,2,173,1,FINAL_OVERTIME
206,2021,14,REG,c5981a18-b37c-11eb-a238-2558151bb271,10160000-0587-09f4-d936-fc2a4d45ab47,2021-12-13 01:20:00+00:00,2021-12-13,Green Bay Packers,Chicago Bears,45,30,0,0,0,21,17,7,320,4,119,1,3,24,0,3,210,2,137,0,FINAL
207,2021,14,REG,c5987453-b37c-11eb-9f27-33818e4d796d,10160000-0587-10b2-38e4-b1ec1e97a30b,2021-12-14 01:15:00+00:00,2021-12-14,Arizona Cardinals,Los Angeles Rams,23,30,0,0,3,10,0,10,344,0,103,2,0,13,14,3,267,3,89,0,FINAL
208,2021,15,REG,c598460b-b37c-11eb-9617-afa9727fab42,10160000-0587-11c2-fbbc-7aa0e59620fe,2021-12-17 01:20:00+00:00,2021-12-17,Los Angeles Chargers,Kansas City Chiefs,28,34,0,6,0,14,0,14,236,2,192,2,7,3,3,15,410,3,86,1,FINAL_OVERTIME
209,2021,15,REG,c598ddfe-b37c-11eb-9ed8-304777eba43c,10160000-0587-14f6-8f93-a186b3b82912,2021-12-19 01:15:00+00:00,2021-12-19,Indianapolis Colts,New England Patriots,27,17,0,0,14,3,3,7,49,1,226,1,0,0,0,17,284,2,81,0,FINAL
210,2021,15,REG,c5980c9e-b37c-11eb-abac-4f5c371de22e,10160000-0587-20a8-931d-f73db781f096,2021-12-19 18:00:00+00:00,2021-12-19,New York Giants,Dallas Cowboys,6,21,0,0,3,0,3,0,178,0,124,0,6,9,6,0,203,1,125,1,FINAL
211,2021,15,REG,c59810b5-b37c-11eb-bcee-fa4faa7ecb35,10160000-0587-193d-1559-ec51c1fddbdc,2021-12-19 18:00:00+00:00,2021-12-19,Jacksonville Jaguars,Houston Texans,16,30,0,0,3,7,3,3,189,0,107,1,14,6,3,7,206,2,75,0,FINAL
212,2021,15,REG,c5981883-b37c-11eb-8fa9-4082cc76fbb5,10160000-0587-218b-9192-9d586690459b,2021-12-19 18:00:00+00:00,2021-12-19,Pittsburgh Steelers,Tennessee Titans,19,13,0,0,0,3,7,9,133,0,35,1,10,3,0,0,117,0,201,1,FINAL
213,2021,15,REG,c5982f9d-b37c-11eb-b8df-213c1efefc3f,10160000-0587-1571-d915-996f513972ab,2021-12-19 18:00:00+00:00,2021-12-19,Miami Dolphins,New York Jets,31,24,0,0,0,10,7,14,196,2,183,2,10,7,0,7,126,0,102,2,FINAL
214,2021,15,REG,c5983f33-b37c-11eb-a97a-3d335630dde6,10160000-0587-18d5-2c6a-d6bf3644f334,2021-12-19 18:00:00+00:00,2021-12-19,Detroit Lions,Arizona Cardinals,30,12,0,0,3,14,7,6,212,3,126,0,0,0,6,6,293,1,105,0,FINAL
215,2021,15,REG,c5988186-b37c-11eb-ac10-97a1ea06b5e2,10160000-0587-12cf-fe8a-74d9a688ac20,2021-12-19 18:00:00+00:00,2021-12-19,Buffalo Bills,Carolina Panthers,31,14,0,0,0,17,7,7,193,3,119,1,0,8,0,6,124,1,151,1,FINAL
216,2021,15,REG,c598061f-b37c-11eb-aba9-a0ee1ea0d04b,10160000-0587-22b9-52df-39d3a2de252c,2021-12-19 21:05:00+00:00,2021-12-19,Denver Broncos,Cincinnati Bengals,10,15,0,0,0,3,7,0,159,1,133,0,3,3,9,0,136,1,113,0,FINAL
217,2021,15,REG,c5982e2e-b37c-11eb-ac67-82694b975169,10160000-0587-2335-f722-abf160161b04,2021-12-19 21:05:00+00:00,2021-12-19,San Francisco 49ers,Atlanta Falcons,31,13,0,0,3,14,14,0,235,1,162,3,3,7,3,0,213,1,62,0,FINAL
218,2021,15,REG,c59838ce-b37c-11eb-bef2-5db09239a0ac,10160000-0587-174d-80b5-0945b422cb03,2021-12-19 21:25:00+00:00,2021-12-19,Baltimore Ravens,Green Bay Packers,30,31,0,0,7,7,3,13,211,2,143,2,0,14,7,10,250,3,96,1,FINAL
219,2021,15,REG,c597df47-b37c-11eb-b462-92ca5e22ea78,10160000-0587-255d-2fb8-e234693f4405,2021-12-20 01:20:00+00:00,2021-12-20,Tampa Bay Buccaneers,New Orleans Saints,0,9,0,0,0,0,0,0,184,0,118,0,3,3,0,3,151,0,61,0,FINAL
220,2021,15,REG,c598671f-b37c-11eb-a470-77d96e8dad84,10160000-0587-1384-eb63-fc7e2605fa4c,2021-12-20 22:00:00+00:00,2021-12-20,Cleveland Browns,Las Vegas Raiders,14,16,0,0,0,0,7,7,147,1,89,1,7,3,0,6,230,1,98,0,FINAL
221,2021,15,REG,c5983406-b37c-11eb-9f7c-7c9249e10b74,10160000-0587-26f2-fd0e-c5f4188c2118,2021-12-21 01:15:00+00:00,2021-12-21,Chicago Bears,Minnesota Vikings,9,17,0,0,0,3,0,6,255,1,115,0,7,3,7,0,61,2,132,0,FINAL
222,2021,15,REG,c597f79d-b37c-11eb-88c0-51a557ae873f,10160000-0587-241f-f744-2c761a754b8f,2021-12-22 00:00:00+00:00,2021-12-22,Los Angeles Rams,Seattle Seahawks,20,10,0,0,3,0,7,10,209,2,123,0,0,3,7,0,134,0,80,1,FINAL
223,2021,15,REG,c5983b46-b37c-11eb-a9cd-31082c458582,10160000-0587-1616-bba3-a032cdcaf364,2021-12-22 00:00:00+00:00,2021-12-22,Philadelphia Eagles,Washington Commanders,27,17,0,0,0,10,10,7,281,1,238,2,10,0,0,7,174,0,63,2,FINAL
224,2021,16,REG,c5980b38-b37c-11eb-b344-9f8315daa578,10160000-0587-2774-292b-4559b3fea716,2021-12-24 01:20:00+00:00,2021-12-24,Tennessee Titans,San Francisco 49ers,20,17,0,0,0,0,10,10,188,1,90,1,7,3,0,7,306,1,83,1,FINAL
225,2021,16,REG,c598335f-b37c-11eb-9029-5814fad5708e,10160000-0587-289c-61f0-d290472603ee,2021-12-25 21:30:00+00:00,2021-12-25,Green Bay Packers,Cleveland Browns,24,22,0,0,7,14,3,0,202,3,109,0,6,6,3,7,189,2,219,1,FINAL
226,2021,16,REG,c597c41e-b37c-11eb-b0d5-c75633bde823,10160000-0587-2990-14c0-9bd05c656e78,2021-12-26 01:15:00+00:00,2021-12-26,Arizona Cardinals,Indianapolis Colts,16,22,0,0,6,0,7,3,245,1,133,1,7,5,3,7,220,2,126,0,FINAL
227,2021,16,REG,c597a513-b37c-11eb-8f25-c6a3e3dad04c,10160000-0587-3776-9931-235b69c230b5,2021-12-26 18:00:00+00:00,2021-12-26,Philadelphia Eagles,New York Giants,34,10,0,0,0,3,17,14,194,2,130,1,0,3,0,7,108,1,84,0,FINAL
228,2021,16,REG,c597cb29-b37c-11eb-8f41-f45bb96e097e,10160000-0587-34a1-8fa7-a103b1a83e13,2021-12-26 18:00:00+00:00,2021-12-26,Minnesota Vikings,Los Angeles Rams,23,30,0,0,0,3,10,10,295,1,66,1,7,6,7,10,197,1,159,1,FINAL
229,2021,16,REG,c597d8df-b37c-11eb-9bf6-8266221c6f86,10160000-0587-354f-9f82-4a4ddbdfcbeb,2021-12-26 18:00:00+00:00,2021-12-26,New England Patriots,Buffalo Bills,21,33,0,0,0,7,7,7,139,0,149,3,7,10,3,13,314,3,114,1,FINAL
230,2021,16,REG,c597e1e5-b37c-11eb-89a6-58df96732a88,10160000-0587-3139-5262-d8b905c1d289,2021-12-26 18:00:00+00:00,2021-12-26,Carolina Panthers,Tampa Bay Buccaneers,6,32,0,0,3,3,0,0,206,0,67,0,7,12,10,3,232,1,159,2,FINAL
231,2021,16,REG,c597ebe2-b37c-11eb-9ea7-1ad03543e49a,10160000-0587-36a1-4564-d94bf99b31c3,2021-12-26 18:00:00+00:00,2021-12-26,New York Jets,Jacksonville Jaguars,26,21,0,0,6,7,3,10,100,1,273,1,3,9,3,6,252,0,132,1,FINAL
232,2021,16,REG,c597f9da-b37c-11eb-90d7-8b1d3d0789e6,10160000-0587-3016-3336-a303205432c6,2021-12-26 18:00:00+00:00,2021-12-26,Atlanta Falcons,Detroit Lions,20,16,0,0,0,10,3,7,207,1,47,1,3,7,3,3,208,1,130,0,FINAL
233,2021,16,REG,c597fab4-b37c-11eb-b396-d1345dd16473,10160000-0587-332c-f715-67810371c927,2021-12-26 18:00:00+00:00,2021-12-26,Houston Texans,Los Angeles Chargers,41,29,0,0,7,10,0,24,248,2,189,2,6,6,3,14,328,1,89,2,FINAL
234,2021,16,REG,c5986fd6-b37c-11eb-ba13-aa7df81873db,10160000-0587-3236-d7ea-a94758e72b03,2021-12-26 18:00:00+00:00,2021-12-26,Cincinnati Bengals,Baltimore Ravens,41,21,0,0,10,21,3,7,498,4,77,1,7,7,0,7,295,2,39,1,FINAL
235,2021,16,REG,c597f1b2-b37c-11eb-a7ee-a216e0da7aac,10160000-0587-3855-eb7a-c8aff1c1fafc,2021-12-26 21:05:00+00:00,2021-12-26,Seattle Seahawks,Chicago Bears,24,25,0,0,7,10,7,0,161,2,170,1,0,7,7,11,229,1,88,2,FINAL
236,2021,16,REG,c597b34a-b37c-11eb-b54c-adfe23a3e086,10160000-0587-39ef-1034-e9bf0b7b5cc3,2021-12-26 21:25:00+00:00,2021-12-26,Kansas City Chiefs,Pittsburgh Steelers,36,10,0,0,14,9,7,6,254,3,127,1,0,0,3,7,173,1,130,0,FINAL
237,2021,16,REG,c597c4a0-b37c-11eb-ad13-0afbcf7ddfa9,10160000-0587-40a3-9c4e-af8785c190a6,2021-12-26 21:25:00+00:00,2021-12-26,Las Vegas Raiders,Denver Broncos,17,13,0,0,0,7,7,3,182,1,160,1,0,13,0,0,140,0,18,1,FINAL
238,2021,16,REG,c597db1f-b37c-11eb-98fb-8728a42333e4,10160000-0587-419a-b804-ed63adab7a45,2021-12-27 01:20:00+00:00,2021-12-27,Dallas Cowboys,Washington Commanders,56,14,0,0,21,21,7,7,389,5,108,1,0,7,0,7,172,2,85,0,FINAL
239,2021,16,REG,c5987819-b37c-11eb-8116-e420dc2f1097,10160000-0587-42c2-1ec8-b805a8efab02,2021-12-28 01:15:00+00:00,2021-12-28,New Orleans Saints,Miami Dolphins,3,20,0,0,0,3,0,0,81,0,83,0,10,0,7,3,173,1,86,0,FINAL
240,2021,17,REG,c597512d-b37c-11eb-ba8a-ecb6fe06b3b0,10160000-0587-5263-2a5a-cea2c80c7757,2022-01-02 18:00:00+00:00,2022-01-02,Washington Commanders,Philadelphia Eagles,16,20,0,0,10,6,0,0,218,0,94,1,0,7,7,6,212,0,118,2,FINAL
241,2021,17,REG,c59759cf-b37c-11eb-aaaa-3cd93d2e7884,10160000-0587-5542-bd3e-798addfa45ee,2022-01-02 18:00:00+00:00,2022-01-02,Baltimore Ravens,Los Angeles Rams,19,20,0,0,7,6,3,3,162,0,165,0,0,7,0,13,300,2,73,1,FINAL
242,2021,17,REG,c5976cc9-b37c-11eb-9fdd-edea6533b161,10160000-0587-50d6-8d09-d134bbe3f510,2022-01-02 18:00:00+00:00,2022-01-02,New York Jets,Tampa Bay Buccaneers,24,28,0,0,7,10,7,0,224,1,150,2,7,3,7,11,405,3,62,0,FINAL
243,2021,17,REG,c59781c1-b37c-11eb-837c-ddf732b06303,10160000-0587-517a-7166-162117cc8804,2022-01-02 18:00:00+00:00,2022-01-02,Tennessee Titans,Miami Dolphins,34,3,0,0,7,10,0,17,110,2,198,2,0,3,0,0,182,0,74,0,FINAL
244,2021,17,REG,c59786cd-b37c-11eb-87e7-c86a9c00d82a,10160000-0587-481f-b435-c96b2a9ccfd9,2022-01-02 18:00:00+00:00,2022-01-02,New England Patriots,Jacksonville Jaguars,50,10,0,0,7,21,13,9,290,3,181,4,3,0,0,7,173,1,80,0,FINAL
245,2021,17,REG,c59788d7-b37c-11eb-b605-7aabb5db6277,10160000-0587-47e9-454a-edda99cd8a5d,2022-01-02 18:00:00+00:00,2022-01-02,Indianapolis Colts,Las Vegas Raiders,20,23,0,0,0,10,7,3,140,1,122,1,7,6,0,10,241,1,85,1,FINAL
246,2021,17,REG,c5979f33-b37c-11eb-9545-5d927aa1f09a,10160000-0587-457b-7c9f-069040b3fb24,2022-01-02 18:00:00+00:00,2022-01-02,Cincinnati Bengals,Kansas City Chiefs,34,31,0,0,7,10,7,10,415,4,60,0,14,14,0,3,259,2,155,2,FINAL
247,2021,17,REG,c597b2f6-b37c-11eb-aaa9-9d79bbf40974,10160000-0587-44c3-c52a-63c2e8163c2a,2022-01-02 18:00:00+00:00,2022-01-02,Chicago Bears,New York Giants,29,3,0,0,14,8,7,0,162,1,87,2,0,3,0,0,-6,0,161,0,FINAL
248,2021,17,REG,c597bde2-b37c-11eb-bdcd-878b71a272b3,10160000-0587-43c0-4814-9a7376e0395c,2022-01-02 18:00:00+00:00,2022-01-02,Buffalo Bills,Atlanta Falcons,29,15,0,0,14,0,8,7,118,0,233,4,2,13,0,0,169,0,96,1,FINAL
249,2021,17,REG,c5974088-b37c-11eb-92fc-9ab6b24fbc7e,10160000-0587-543f-c0e7-21b8cc45b1a7,2022-01-02 21:05:00+00:00,2022-01-02,San Francisco 49ers,Houston Texans,23,7,0,0,0,3,7,13,241,2,175,0,0,7,0,0,136,1,86,0,FINAL
250,2021,17,REG,c5979076-b37c-11eb-8ac9-773553be5f19,10160000-0587-53e3-a757-91ac16adad8c,2022-01-02 21:05:00+00:00,2022-01-02,Los Angeles Chargers,Denver Broncos,34,13,0,0,7,10,3,14,237,2,104,1,0,3,0,10,236,1,83,0,FINAL
251,2021,17,REG,c597692e-b37c-11eb-b6c4-9047f43b506b,10160000-0587-495a-c8b4-1f26568e9b86,2022-01-02 21:25:00+00:00,2022-01-02,New Orleans Saints,Carolina Panthers,18,10,0,0,3,6,3,6,207,1,73,0,3,7,0,0,90,0,88,1,FINAL
252,2021,17,REG,c5976d77-b37c-11eb-bd2e-2fc8670f4c6e,10160000-0587-5645-a2c5-afe83747fb73,2022-01-02 21:25:00+00:00,2022-01-02,Seattle Seahawks,Detroit Lions,51,29,0,0,10,21,7,13,232,4,265,2,0,7,15,7,262,2,95,2,FINAL
253,2021,17,REG,c597ca8f-b37c-11eb-8717-b15655d15a43,10160000-0587-4643-41f4-4673c1eac48b,2022-01-02 21:25:00+00:00,2022-01-02,Dallas Cowboys,Arizona Cardinals,22,25,0,0,0,7,0,15,256,3,45,0,3,10,9,3,272,2,127,0,FINAL
254,2021,17,REG,c5973ecb-b37c-11eb-88b5-52a417aac100,10160000-0587-572b-911e-b3857db5dd95,2022-01-03 01:20:00+00:00,2022-01-03,Green Bay Packers,Minnesota Vikings,37,10,0,0,3,17,10,7,307,2,174,2,0,3,7,0,179,1,27,0,FINAL
255,2021,17,REG,c5974a69-b37c-11eb-96b9-62a07f8b20c1,10160000-0587-5846-8525-0bbad932e8c6,2022-01-04 01:15:00+00:00,2022-01-04,Pittsburgh Steelers,Cleveland Browns,26,14,0,0,0,10,3,13,109,1,190,1,0,0,7,7,139,2,93,0,FINAL
256,2021,18,REG,c5971ee9-b37c-11eb-acb9-bc5b029089d3,10160000-0587-7224-5e5e-c71409627e21,2022-01-08 21:30:00+00:00,2022-01-08,Denver Broncos,Kansas City Chiefs,24,28,0,0,7,7,7,3,173,0,191,3,7,3,7,11,255,2,135,0,FINAL
257,2021,18,REG,c596edd8-b37c-11eb-a2e3-1893925df770,10160000-0587-6915-0b87-18602d47111f,2022-01-09 01:15:00+00:00,2022-01-09,Philadelphia Eagles,Dallas Cowboys,26,51,0,0,7,10,3,6,166,2,149,1,10,20,0,21,304,5,171,2,FINAL
258,2021,18,REG,c596f86e-b37c-11eb-acef-004a6dd04236,10160000-0587-63ed-7f05-19dd0b2ca507,2022-01-09 18:00:00+00:00,2022-01-09,Detroit Lions,Green Bay Packers,37,30,0,0,7,10,7,13,305,3,99,1,7,6,3,14,256,3,122,1,FINAL
259,2021,18,REG,c5970285-b37c-11eb-b268-91616e0aa8ce,10160000-0587-658b-01a4-eb4963a564d8,2022-01-09 18:00:00+00:00,2022-01-09,Jacksonville Jaguars,Indianapolis Colts,26,11,0,0,7,6,10,3,217,2,101,0,0,3,0,8,139,1,94,0,FINAL
260,2021,18,REG,c59704f5-b37c-11eb-a168-a6c97a9e291b,10160000-0587-68c1-522d-78acf1f52635,2022-01-09 18:00:00+00:00,2022-01-09,New York Giants,Washington Commanders,7,22,0,0,0,0,0,7,83,1,94,0,3,3,6,10,99,0,226,1,FINAL
261,2021,18,REG,c597276d-b37c-11eb-a824-966776c37c34,10160000-0587-67fa-c557-01e2a765837d,2022-01-09 18:00:00+00:00,2022-01-09,Minnesota Vikings,Chicago Bears,31,17,0,0,0,3,7,21,227,3,104,0,3,11,3,0,266,1,90,0,FINAL
262,2021,18,REG,c59757a5-b37c-11eb-901f-b386dd79c602,10160000-0587-64f0-b77e-29790d01f80e,2022-01-09 18:00:00+00:00,2022-01-09,Houston Texans,Tennessee Titans,25,28,0,0,0,0,10,15,289,3,64,0,0,21,0,7,281,4,124,0,FINAL
263,2021,18,REG,c59762b8-b37c-11eb-a78a-30c5c677cad5,10160000-0587-6034-b7ea-785eca8a8fe2,2022-01-09 18:00:00+00:00,2022-01-09,Baltimore Ravens,Pittsburgh Steelers,13,16,0,3,0,3,7,3,132,0,249,1,3,0,3,7,235,1,79,0,FINAL_OVERTIME
264,2021,18,REG,c597c0fd-b37c-11eb-9064-a3b8d28903d4,10160000-0587-6234-e455-6121e0a12fa1,2022-01-09 18:00:00+00:00,2022-01-09,Cleveland Browns,Cincinnati Bengals,21,16,0,0,7,7,0,7,171,2,205,1,0,7,3,6,103,1,79,0,FINAL
265,2021,18,REG,c596ff9e-b37c-11eb-a238-2558151bb271,10160000-0587-738e-2b05-95daf03cb563,2022-01-09 21:25:00+00:00,2022-01-09,Los Angeles Rams,San Francisco 49ers,24,27,0,3,3,14,0,7,201,3,64,0,0,3,14,7,314,2,135,1,FINAL_OVERTIME
266,2021,18,REG,c5972dc4-b37c-11eb-a4de-4a9ece5dcb0d,10160000-0587-704e-6295-0c29cd0a1891,2022-01-09 21:25:00+00:00,2022-01-09,Tampa Bay Buccaneers,Carolina Panthers,41,17,0,0,0,10,7,24,324,3,85,2,7,0,3,7,207,2,110,0,FINAL
267,2021,18,REG,c5972e26-b37c-11eb-a3ba-55ec1a6e189e,10160000-0587-7113-a978-455fec3cda14,2022-01-09 21:25:00+00:00,2022-01-09,Arizona Cardinals,Seattle Seahawks,30,38,0,0,7,3,14,6,187,1,118,1,7,10,7,14,229,3,202,2,FINAL
268,2021,18,REG,c597373f-b37c-11eb-a4b9-33ea453005d5,10160000-0587-66a3-2df9-03ed8161cc2e,2022-01-09 21:25:00+00:00,2022-01-09,Miami Dolphins,New England Patriots,33,24,0,0,14,3,7,9,103,1,195,1,0,7,3,14,245,1,134,2,FINAL
269,2021,18,REG,c59755e6-b37c-11eb-9e19-00bc1829d24f,10160000-0587-592f-94b1-30be78f17918,2022-01-09 21:25:00+00:00,2022-01-09,Atlanta Falcons,New Orleans Saints,20,30,0,0,3,3,7,7,195,1,62,1,7,17,0,6,174,3,195,0,FINAL
270,2021,18,REG,c59797ef-b37c-11eb-a318-b1d0e7e8792e,10160000-0587-6129-08e1-f057261766a8,2022-01-09 21:25:00+00:00,2022-01-09,Buffalo Bills,New York Jets,27,10,0,0,10,3,0,14,254,2,170,1,0,7,3,0,5,1,48,0,FINAL
271,2021,18,REG,c596f997-b37c-11eb-9f27-33818e4d796d,10160000-0587-7450-0923-b0f39c686c28,2022-01-10 01:20:00+00:00,2022-01-10,Las Vegas Raiders,Los Angeles Chargers,35,32,6,3,10,7,3,9,172,2,174,1,0,14,0,15,355,3,85,1,FINAL_OVERTIME
272,2021,1,WC,487cf9a5-71b0-11ec-9fcd-de7ed4db3526,10160000-0588-24f4-5869-73e8bb1a0dd2,2022-01-15 21:30:00+00:00,2022-01-15,Cincinnati Bengals,Las Vegas Raiders,26,19,0,0,10,10,3,3,225,2,83,0,3,10,0,6,282,1,103,0,FINAL
273,2021,1,WC,64353102-71b0-11ec-9fcd-de7ed4db3526,10160000-0588-2591-fba4-704d3e86d751,2022-01-16 01:15:00+00:00,2022-01-16,Buffalo Bills,New England Patriots,47,17,0,0,14,13,6,14,308,5,174,2,0,3,7,7,216,2,89,0,FINAL
274,2021,1,WC,85c2567f-71b0-11ec-8c0c-efbc3bdccf8f,10160000-0588-268d-739b-5221c6605ac5,2022-01-16 18:00:00+00:00,2022-01-16,Tampa Bay Buccaneers,Philadelphia Eagles,31,15,0,0,14,3,14,0,243,2,106,2,0,0,0,15,244,1,95,1,FINAL
275,2021,1,WC,a447da6f-71b0-11ec-8c0c-efbc3bdccf8f,10160000-0588-2735-52fa-56847c72e336,2022-01-16 21:30:00+00:00,2022-01-16,Dallas Cowboys,San Francisco 49ers,17,23,0,0,0,7,0,10,230,1,77,1,10,6,7,0,172,0,169,2,FINAL
276,2021,1,WC,c3d33bd6-71b0-11ec-8c0c-efbc3bdccf8f,10160000-0588-2820-04e3-42cbd5875a55,2022-01-17 01:15:00+00:00,2022-01-17,Kansas City Chiefs,Pittsburgh Steelers,42,21,0,0,0,21,14,7,372,6,106,0,0,7,7,7,201,2,56,0,FINAL
277,2021,1,WC,f5ec45a2-71b0-11ec-90f0-5bfd5be65b5b,10160000-0588-2999-74cf-4ce8bdcbc272,2022-01-18 01:15:00+00:00,2022-01-18,Los Angeles Rams,Arizona Cardinals,34,11,0,0,7,14,7,6,235,2,140,1,0,0,8,3,122,0,61,1,FINAL
278,2021,2,DIV,ab2d01cc-71ac-11ec-a6f7-85513e732977,10160000-0588-30a5-4871-7dcb05cefbbb,2022-01-22 21:30:00+00:00,2022-01-22,Tennessee Titans,Cincinnati Bengals,16,19,0,0,0,6,10,0,213,1,140,1,6,3,7,3,280,0,65,1,FINAL
279,2021,2,DIV,c74c9331-71ac-11ec-a6f7-85513e732977,10160000-0588-31e3-f92b-b6e3307cc53e,2022-01-23 01:15:00+00:00,2022-01-23,Green Bay Packers,San Francisco 49ers,10,13,0,0,7,0,0,3,196,0,67,1,0,0,3,10,106,0,106,0,FINAL
280,2021,2,DIV,114974ad-71ad-11ec-a493-77fb1cc3a88e,10160000-0588-3383-c67f-a1e7458d2049,2022-01-23 20:00:00+00:00,2022-01-23,Tampa Bay Buccaneers,Los Angeles Rams,27,30,0,0,3,0,10,14,308,1,51,2,10,10,7,3,355,2,73,1,FINAL
281,2021,2,DIV,34f0d976-71ad-11ec-a493-77fb1cc3a88e,10160000-0588-32ea-5021-01aabf5c7b88,2022-01-23 23:30:00+00:00,2022-01-23,Kansas City Chiefs,Buffalo Bills,42,36,6,0,7,7,9,13,370,3,182,2,7,7,7,15,313,4,109,1,FINAL_OVERTIME
282,2021,3,CONF,67a557e3-71ad-11ec-aca1-684d5ebaef68,10160000-0588-34c5-e082-6f9d11ae9042,2022-01-30 20:00:00+00:00,2022-01-30,Kansas City Chiefs,Cincinnati Bengals,24,27,0,3,7,14,0,3,236,3,139,0,3,7,11,3,243,2,116,0,FINAL_OVERTIME
283,2021,3,CONF,825dda63-71ad-11ec-aca1-684d5ebaef68,10160000-0588-359f-0450-11969be4f6eb,2022-01-30 23:30:00+00:00,2022-01-30,Los Angeles Rams,San Francisco 49ers,20,17,0,0,0,7,0,13,326,2,70,0,0,10,7,0,232,2,50,0,FINAL
284,2021,4,SB,757bbb2a-71a2-11ec-8e86-ebe0df6765ab,10160000-0588-368c-1d9f-f17e79fe652f,2022-02-13 23:30:00+00:00,2022-02-13,Cincinnati Bengals,Los Angeles Rams,20,23,0,0,3,7,10,0,226,2,79,0,7,6,3,7,270,3,43,0,FINAL
